기준연월,방문자 수,워케이션,기타관광,레저스포츠,문화관광,쇼핑,숙박,역사관광,음식,자연관광,체험관광,쇼핑업,숙박업,식음료업,여가서비스업,여행업,운송업,전체소비
강원202201,11941122.0,829814.0,22405.0,58087.0,80492.0,66385.0,214092.0,22405.0,225709.0,80492.0,3319.0,15446243.0,20738225.0,53111673.0,7852979.0,230240.0,55247.0,97434607.0
강원202202,9689337.0,653565.0,18953.0,49017.0,58821.0,49671.0,165352.0,16993.0,192148.0,56860.0,2614.0,11926163.0,17166154.0,44641925.0,8922462.0,208316.0,47279.0,82912299.0
강원202203,10250173.0,1027933.0,28782.0,101765.0,79151.0,81207.0,203531.0,25698.0,318659.0,88402.0,4112.0,12280738.0,8224277.0,36738906.0,13360008.0,170724.0,31991.0,70806644.0
강원202204,11695493.0,693881.0,26367.0,63837.0,58286.0,47878.0,157511.0,20123.0,212328.0,64531.0,2776.0,14903256.0,11706274.0,53520764.0,21753838.0,323360.0,63098.0,102270591.0
강원202205,13184421.0,930414.0,28843.0,80016.0,96763.0,60477.0,214926.0,27912.0,286568.0,88389.0,3722.0,16343244.0,16380731.0,67066923.0,28034870.0,441684.0,99817.0,128367268.0
강원202206,12640716.0,903849.0,27115.0,73212.0,85866.0,56942.0,226866.0,23500.0,279289.0,86770.0,3615.0,14263592.0,17906090.0,67818790.0,25644864.0,480794.0,119819.0,126233949.0
강원202207,16128129.0,1193884.0,28653.0,87154.0,87154.0,75215.0,331900.0,26265.0,373686.0,137297.0,4776.0,15095201.0,26500613.0,79010455.0,26068146.0,651555.0,125164.0,147451134.0
강원202208,17713804.0,1339732.0,33493.0,83063.0,100480.0,87083.0,360388.0,32154.0,430054.0,167466.0,5359.0,14633427.0,31710650.0,93872245.0,26142189.0,570788.0,145410.0,167074708.0
강원202209,13312038.0,1023140.0,35810.0,90036.0,90036.0,67527.0,248623.0,28648.0,304896.0,100268.0,4093.0,14250527.0,14884070.0,60099357.0,22802229.0,309479.0,104873.0,112450537.0
강원202210,15191343.0,1183347.0,94668.0,84018.0,115968.0,71001.0,265070.0,46151.0,333704.0,123068.0,5917.0,16330259.0,17484209.0,74409903.0,26400564.0,499592.0,226530.0,135351059.0
강원202211,11258977.0,917430.0,69725.0,75229.0,77064.0,61468.0,201835.0,29358.0,269724.0,77064.0,3670.0,13466513.0,11551923.0,53467800.0,19112034.0,303020.0,105075.0,98006366.0
강원202212,10513452.0,900205.0,55813.0,50411.0,79218.0,65715.0,242155.0,17104.0,272762.0,62114.0,4501.0,15285642.0,18043272.0,55121332.0,8619267.0,220075.0,62317.0,97351906.0
강원202301,12615103.0,977433.0,64511.0,57669.0,111427.0,67443.0,246313.0,20526.0,279546.0,69398.0,4887.0,14084526.0,22261879.0,56361548.0,7539877.0,253190.0,36007.0,100537027.0
강원202302,11185138.0,849731.0,53533.0,56082.0,75626.0,59481.0,213282.0,19544.0,260018.0,61181.0,4249.0,12413975.0,18558775.0,56336359.0,9703806.0,290580.0,46843.0,97350338.0
강원202303,12152894.0,1017881.0,73287.0,87538.0,80413.0,74305.0,193397.0,27483.0,322668.0,86520.0,5089.0,13595242.0,9554949.0,50554545.0,15807408.0,200069.0,59100.0,89771312.0
강원202304,11165055.0,1226912.0,88338.0,110422.0,109195.0,80976.0,258878.0,35580.0,371754.0,99380.0,6135.0,13757898.0,11662427.0,58426095.0,20297641.0,174354.0,105487.0,104423901.0
강원202305,12499217.0,1126755.0,75493.0,102535.0,105915.0,73239.0,246759.0,33803.0,334646.0,93521.0,5634.0,14914005.0,14634523.0,64644925.0,23690855.0,159231.0,109760.0,118153299.0
강원202306,12290288.0,1104335.0,70677.0,97181.0,109329.0,60738.0,251788.0,29817.0,326883.0,103807.0,5522.0,12895525.0,15141982.0,63627577.0,23317464.0,202005.0,134002.0,115318554.0
경기202201,46206079.0,4967775.0,69549.0,273228.0,452068.0,1336331.0,347744.0,99356.0,2126208.0,104323.0,24839.0,291214551.0,12556811.0,302538737.0,34936670.0,85189.0,9215923.0,650547882.0
경기202202,39261432.0,4256989.0,59598.0,272447.0,374615.0,1055733.0,306503.0,80883.0,1898617.0,89397.0,21285.0,238557399.0,11553639.0,257929750.0,40785763.0,94617.0,8868632.0,557789800.0
경기202203,49029103.0,5079869.0,60958.0,467348.0,472428.0,1163290.0,304792.0,86358.0,2301181.0,101597.0,20319.0,282617949.0,13162543.0,316636493.0,71467724.0,124679.0,9536386.0,693545774.0
경기202204,52463014.0,5125678.0,76885.0,497191.0,599704.0,989256.0,322918.0,107639.0,2291178.0,143519.0,20503.0,317599780.0,13927903.0,386939078.0,93360497.0,150519.0,10425991.0,822403768.0
경기202205,53367666.0,5702526.0,68430.0,524632.0,695708.0,1026455.0,359259.0,119753.0,2645972.0,148266.0,22810.0,329239673.0,15183857.0,441500115.0,108385317.0,145493.0,11277484.0,905731939.0
경기202206,49153734.0,4989862.0,49899.0,429128.0,593794.0,883206.0,339311.0,74848.0,2415093.0,109777.0,19959.0,299500092.0,14808196.0,409431054.0,101135980.0,142999.0,11307695.0,836326015.0
경기202207,53954202.0,5542837.0,44343.0,443427.0,581998.0,997711.0,393541.0,77600.0,2788047.0,121942.0,22171.0,297250081.0,16494241.0,431590069.0,97832385.0,179328.0,11606857.0,854952960.0
경기202208,52264925.0,5608615.0,56086.0,415038.0,616948.0,1020768.0,403820.0,84129.0,2770656.0,134607.0,22434.0,279003941.0,16469271.0,414622331.0,87700694.0,189928.0,11729081.0,809715247.0
경기202209,55002283.0,6473565.0,116524.0,537306.0,731513.0,1294713.0,420782.0,135945.0,2951946.0,155366.0,32368.0,301692772.0,14410231.0,387714162.0,93368699.0,134431.0,11498462.0,808818757.0
경기202210,55588636.0,6218822.0,329598.0,453974.0,690289.0,1461423.0,379348.0,118158.0,2524842.0,161689.0,37313.0,353934573.0,16684760.0,433683621.0,100654015.0,158537.0,12152233.0,917267738.0
경기202211,50088955.0,5824063.0,314499.0,413508.0,529990.0,1456016.0,337796.0,93185.0,2463579.0,110657.0,23296.0,298364567.0,14457100.0,379470181.0,80577322.0,165657.0,11913887.0,784948713.0
경기202212,47985933.0,5460643.0,273032.0,174741.0,447773.0,1556283.0,322178.0,49146.0,2479132.0,54606.0,27303.0,305482097.0,14605425.0,392730972.0,38842650.0,159964.0,11550049.0,763371157.0
경기202301,48939208.0,5482536.0,290574.0,153511.0,466016.0,1578970.0,296057.0,71273.0,2450694.0,60308.0,32895.0,262600386.0,12760491.0,365854266.0,34115609.0,197410.0,11573767.0,687101928.0
경기202302,46881857.0,5545831.0,282837.0,249562.0,510216.0,1425279.0,305021.0,72096.0,2523353.0,66550.0,27729.0,247643295.0,12465958.0,365607442.0,48408456.0,161136.0,11294296.0,685580585.0
경기202303,57105322.0,7030180.0,351509.0,485082.0,688958.0,1715364.0,337449.0,98423.0,3142490.0,98423.0,28121.0,291776328.0,13135048.0,410049855.0,81761392.0,215735.0,11798741.0,808737099.0
경기202304,48978896.0,6762564.0,338128.0,527480.0,730357.0,1528339.0,365178.0,108201.0,2921428.0,128489.0,33813.0,309270384.0,14406715.0,426573394.0,90891920.0,190924.0,11807335.0,853140673.0
경기202305,53730849.0,6867607.0,322778.0,542541.0,741702.0,1552079.0,363983.0,116749.0,3001144.0,103014.0,34338.0,332261488.0,15189521.0,450003554.0,98052622.0,242329.0,11587482.0,907336997.0
경기202306,51074604.0,6582966.0,315982.0,546386.0,750458.0,1263929.0,388395.0,98744.0,2982084.0,125076.0,32915.0,275240986.0,14217867.0,418748356.0,97065714.0,157177.0,11196064.0,816626164.0
경남202201,12304834.0,1141230.0,57062.0,52497.0,102711.0,236235.0,138089.0,59344.0,293296.0,52497.0,9130.0,34119111.0,4809164.0,57707184.0,12659771.0,23084.0,118111.0,109436426.0
경남202202,10301383.0,853008.0,40944.0,39238.0,75065.0,161219.0,105773.0,46915.0,232871.0,37532.0,5971.0,24588972.0,4388613.0,47843805.0,12839780.0,19048.0,92163.0,89772382.0
경남202203,11593343.0,1056786.0,52839.0,52839.0,104622.0,197619.0,110963.0,60237.0,296957.0,46499.0,6341.0,28909709.0,4159521.0,55910139.0,15866031.0,24416.0,92511.0,104962326.0
경남202204,11799059.0,960174.0,64332.0,43208.0,106579.0,162269.0,111380.0,57610.0,277490.0,48969.0,5761.0,34953729.0,5107455.0,72536187.0,19350186.0,19135.0,156024.0,132122715.0
경남202205,13270910.0,1191105.0,63129.0,55982.0,146506.0,183430.0,142933.0,67893.0,370434.0,64320.0,7147.0,37031265.0,5816624.0,83067571.0,22288400.0,29670.0,182568.0,148416098.0
경남202206,11945907.0,1125134.0,55132.0,50631.0,120389.0,174396.0,148518.0,48381.0,375795.0,51756.0,6751.0,32949652.0,6062007.0,76802927.0,20871303.0,28498.0,202197.0,136916585.0
경남202207,14016644.0,1517746.0,65263.0,59192.0,147221.0,229180.0,218555.0,60710.0,525140.0,88029.0,9106.0,32653437.0,7088852.0,80957785.0,20045869.0,29639.0,161565.0,140937148.0
경남202208,14282127.0,1273854.0,66240.0,44585.0,118468.0,194900.0,191078.0,62419.0,421646.0,84074.0,7643.0,31187759.0,8219974.0,84336244.0,20228701.0,44748.0,198300.0,144215726.0
경남202209,13592439.0,1305987.0,69217.0,58769.0,129293.0,240302.0,152800.0,66605.0,408774.0,60075.0,7836.0,32386730.0,5016543.0,70074942.0,18057548.0,24799.0,139608.0,125700170.0
경남202210,14028650.0,1234608.0,137041.0,49384.0,150622.0,196303.0,145684.0,65434.0,348159.0,61730.0,7408.0,39095573.0,6353747.0,84457500.0,21278479.0,36585.0,220366.0,151442251.0
경남202211,11919437.0,1121969.0,107709.0,48245.0,106587.0,198589.0,126782.0,58342.0,330981.0,49367.0,6732.0,33191934.0,5019899.0,70453700.0,17831839.0,26011.0,168025.0,126691408.0
경남202212,11504035.0,1251098.0,103841.0,40035.0,100088.0,255224.0,146378.0,41286.0,416616.0,33780.0,8758.0,34574593.0,5265509.0,73187415.0,12896727.0,25456.0,121623.0,126071323.0
경남202301,13465606.0,1351440.0,122981.0,40543.0,106764.0,278397.0,140550.0,59463.0,431109.0,39192.0,12163.0,31388067.0,5121691.0,70448697.0,10777702.0,56447.0,117720.0,117910323.0
경남202302,10727986.0,1135450.0,97649.0,38605.0,93107.0,213465.0,128306.0,49960.0,367886.0,34064.0,7948.0,25962773.0,4992024.0,67196273.0,12726152.0,38240.0,96342.0,111011805.0
경남202303,13762383.0,1489429.0,156390.0,55109.0,145964.0,268097.0,142985.0,84897.0,457255.0,53619.0,8937.0,32340326.0,4938171.0,76826224.0,16602558.0,28449.0,183026.0,130918755.0
경남202304,12457095.0,1391179.0,129380.0,61212.0,150247.0,233718.0,150247.0,75124.0,427092.0,54256.0,9738.0,34282301.0,5330518.0,81306186.0,18543107.0,27757.0,234019.0,139723888.0
경남202305,13513123.0,1460535.0,124145.0,67185.0,166501.0,243909.0,156277.0,86172.0,446924.0,52579.0,8763.0,34567579.0,5444923.0,82815823.0,19127565.0,25424.0,173064.0,142154378.0
경남202306,12309293.0,1356692.0,115319.0,67835.0,145166.0,198077.0,156020.0,62408.0,438212.0,61051.0,9497.0,30397525.0,5139845.0,76220321.0,19147007.0,15662.0,169366.0,131089728.0
경북202201,13572455.0,1180485.0,46039.0,50761.0,115688.0,116868.0,141658.0,102702.0,309287.0,119229.0,11805.0,20070759.0,4691527.0,49895311.0,10361577.0,11782.0,56781.0,85087736.0
경북202202,11622651.0,1011443.0,35401.0,49561.0,94064.0,85973.0,129465.0,92041.0,281181.0,86984.0,9103.0,15085859.0,4172770.0,41301037.0,11302899.0,16722.0,66752.0,71946039.0
경북202203,13059820.0,1596469.0,47894.0,108560.0,146875.0,138893.0,175612.0,126121.0,474151.0,114946.0,14368.0,18302197.0,4068688.0,46357883.0,16214258.0,12177.0,49515.0,85004716.0
경북202204,13235264.0,1260664.0,45384.0,78161.0,129848.0,86986.0,160104.0,144976.0,387024.0,92028.0,10085.0,21179214.0,5609520.0,62357521.0,20425957.0,26424.0,142559.0,109741196.0
경북202205,14803107.0,1544815.0,58703.0,98868.0,162206.0,108137.0,208550.0,151392.0,486617.0,122040.0,12359.0,22614740.0,6384831.0,71042944.0,23259838.0,30659.0,252470.0,123585481.0
경북202206,14455848.0,1470425.0,54406.0,92637.0,142631.0,99989.0,213212.0,110282.0,491122.0,116164.0,11763.0,19610272.0,6323438.0,65939561.0,22995786.0,30845.0,190144.0,115090047.0
경북202207,19106244.0,1828367.0,62164.0,100560.0,160896.0,120672.0,292539.0,118844.0,625302.0,179180.0,12799.0,19681820.0,7677014.0,70052824.0,21154940.0,26139.0,180180.0,118772917.0
경북202208,17117273.0,1399636.0,57385.0,67183.0,137164.0,90976.0,225341.0,102173.0,466079.0,142763.0,9797.0,18234860.0,8987682.0,76354319.0,20518542.0,51279.0,241094.0,124387775.0
경북202209,16984465.0,1665776.0,78291.0,108275.0,151586.0,126599.0,219882.0,149920.0,526385.0,123267.0,14992.0,19289617.0,5678792.0,61349153.0,19929307.0,22162.0,154415.0,106423447.0
경북202210,16671341.0,1587233.0,173008.0,87298.0,163485.0,95234.0,203166.0,174596.0,453949.0,115868.0,14285.0,22958046.0,7439851.0,76356494.0,23589651.0,42700.0,205637.0,130592378.0
경북202211,14030953.0,1414755.0,168356.0,82056.0,111766.0,93374.0,174015.0,140061.0,417353.0,89130.0,14148.0,20282798.0,6206846.0,62891312.0,19292886.0,20002.0,120128.0,108813972.0
경북202212,12958671.0,1517469.0,165404.0,54629.0,121398.0,124432.0,197271.0,86496.0,508352.0,80426.0,18210.0,20775925.0,5635402.0,60393466.0,10939521.0,29924.0,50196.0,97824433.0
경북202301,15387632.0,1580276.0,188053.0,48989.0,131163.0,134323.0,172250.0,104298.0,512009.0,99557.0,26865.0,18357921.0,5289319.0,60056143.0,8775417.0,16756.0,71331.0,92566886.0
경북202302,12774226.0,1315602.0,139454.0,53940.0,115773.0,94723.0,157872.0,93408.0,430202.0,74989.0,19734.0,15318085.0,5339141.0,58701087.0,12006543.0,6875.0,85215.0,91456947.0
경북202303,15824546.0,1663967.0,183036.0,93182.0,153085.0,116478.0,176381.0,129789.0,540789.0,93182.0,18304.0,20203697.0,5349509.0,65242675.0,18215974.0,57603.0,111545.0,109181002.0
경북202304,14333316.0,1712446.0,184944.0,111309.0,154120.0,109597.0,205494.0,155833.0,535996.0,94185.0,18837.0,20707797.0,6064047.0,70644244.0,20656395.0,36909.0,204025.0,118313417.0
경북202305,15894742.0,1656583.0,172285.0,110991.0,152406.0,106021.0,197133.0,142466.0,520167.0,96082.0,16566.0,20821715.0,6240217.0,72264991.0,21377780.0,43815.0,212495.0,120961012.0
경북202306,14289296.0,1448562.0,141959.0,99951.0,131819.0,76774.0,189762.0,107194.0,463540.0,104296.0,11588.0,17975900.0,5682020.0,66045204.0,21423652.0,47742.0,188769.0,111363287.0
광주202201,5044707.0,353636.0,7780.0,2829.0,24755.0,64008.0,23340.0,2829.0,91238.0,354.0,0.0,32447637.0,1422972.0,31082761.0,2589605.0,2720.0,81824.0,67627519.0
광주202202,4100231.0,246068.0,5413.0,1969.0,15994.0,40355.0,17471.0,1722.0,68899.0,246.0,0.0,27318940.0,1287208.0,26355292.0,2482054.0,24018.0,73280.0,57540791.0
광주202203,5020733.0,327303.0,5891.0,2946.0,23893.0,54005.0,22584.0,1964.0,99827.0,327.0,0.0,33829076.0,1398240.0,32915078.0,2936446.0,1534.0,70729.0,71151102.0
광주202204,4431761.0,297653.0,5953.0,2977.0,29468.0,46434.0,21431.0,2381.0,101202.0,595.0,0.0,38279867.0,1498611.0,39680497.0,3419949.0,28126.0,116462.0,83023510.0
광주202205,4800235.0,345790.0,6570.0,3804.0,39766.0,52214.0,23514.0,3458.0,128288.0,692.0,0.0,38605877.0,1546650.0,45769821.0,4182051.0,14908.0,111129.0,90230435.0
광주202206,5423696.0,409565.0,6553.0,4505.0,44233.0,56520.0,29079.0,2867.0,164645.0,410.0,0.0,38022932.0,1639619.0,43466771.0,4088945.0,11660.0,77065.0,87306992.0
광주202207,8834851.0,680220.0,9523.0,6802.0,68022.0,95911.0,48296.0,3401.0,287053.0,680.0,0.0,32908898.0,1703116.0,43031959.0,3772516.0,12776.0,74098.0,81503363.0
광주202208,5106453.0,358173.0,5014.0,3582.0,37608.0,52293.0,26863.0,2149.0,144344.0,358.0,0.0,29691736.0,1751342.0,41081239.0,3772481.0,21851.0,80344.0,76398993.0
광주202209,5728679.0,410469.0,9851.0,4515.0,40636.0,64854.0,27501.0,2873.0,154747.0,410.0,0.0,34021944.0,1454549.0,39177625.0,3560926.0,23463.0,79573.0,78318079.0
광주202210,5211940.0,359498.0,24805.0,3595.0,38466.0,55722.0,24805.0,2876.0,129060.0,359.0,0.0,39818195.0,1689113.0,44103724.0,3583590.0,39911.0,89655.0,89324186.0
광주202211,4939782.0,392690.0,25918.0,3534.0,36127.0,60867.0,27096.0,3142.0,143725.0,393.0,0.0,34562964.0,1529442.0,40829287.0,2979836.0,36745.0,70468.0,80008743.0
광주202212,5047469.0,416399.0,26233.0,2915.0,33728.0,63709.0,26233.0,2082.0,162812.0,416.0,0.0,34663318.0,1526446.0,42960489.0,2795816.0,30047.0,46740.0,82022856.0
광주202301,5701644.0,449659.0,30127.0,3148.0,35973.0,71945.0,23832.0,2698.0,170870.0,450.0,0.0,30707885.0,1336670.0,41106571.0,3052761.0,56296.0,47079.0,76307262.0
광주202302,4755998.0,386025.0,22775.0,3088.0,30882.0,56360.0,22003.0,2316.0,152094.0,386.0,0.0,28927972.0,1299286.0,39793323.0,2934184.0,56446.0,35317.0,73046528.0
광주202303,6141505.0,510274.0,30616.0,4082.0,45925.0,78582.0,29596.0,3062.0,196966.0,1021.0,0.0,34245177.0,1364093.0,43168382.0,3341238.0,37835.0,32412.0,82189136.0
광주202304,4892397.0,430622.0,28421.0,5598.0,41770.0,63301.0,27129.0,3014.0,163206.0,861.0,431.0,34521092.0,1497522.0,43530694.0,3414890.0,33610.0,49215.0,83047023.0
광주202305,5587471.0,494471.0,32141.0,6428.0,51919.0,72687.0,30163.0,3956.0,186910.0,989.0,0.0,34995993.0,1447945.0,45941412.0,3638753.0,52796.0,41029.0,86117927.0
광주202306,5264588.0,540488.0,32970.0,8107.0,56211.0,66480.0,34591.0,3243.0,215114.0,540.0,540.0,30141497.0,1355958.0,42793724.0,3551239.0,21689.0,40063.0,77904171.0
대구202201,7885605.0,668324.0,12030.0,6683.0,65496.0,176438.0,42104.0,8020.0,185126.0,11362.0,1337.0,69459127.0,2628033.0,50776812.0,4572038.0,3830.0,105407.0,127545247.0
대구202202,6505273.0,524447.0,8916.0,5244.0,48774.0,122721.0,37760.0,6818.0,156285.0,8916.0,1049.0,59167798.0,2537061.0,41280892.0,4014237.0,7963.0,118638.0,107126589.0
대구202203,7588444.0,684310.0,10949.0,6843.0,73221.0,153285.0,46533.0,9580.0,218979.0,14371.0,1369.0,67482431.0,2954387.0,51161828.0,4659814.0,2848.0,78177.0,126339484.0
대구202204,7053746.0,603716.0,12074.0,6641.0,83313.0,122554.0,42864.0,9659.0,202245.0,19319.0,1207.0,72613623.0,3568219.0,61832274.0,5532033.0,12570.0,122433.0,143681152.0
대구202205,7765892.0,728963.0,11663.0,8019.0,99868.0,147979.0,50298.0,10934.0,272632.0,13850.0,1458.0,77407654.0,3634666.0,71900127.0,6622906.0,19589.0,113664.0,159698606.0
대구202206,8361217.0,809303.0,11330.0,8093.0,100354.0,154577.0,58270.0,8093.0,328577.0,12140.0,2428.0,79060970.0,3633275.0,68571226.0,6318377.0,10882.0,101845.0,157696574.0
대구202207,11813725.0,1061939.0,13805.0,10619.0,128495.0,208140.0,71150.0,11681.0,446014.0,14867.0,3186.0,71953097.0,3382359.0,71354273.0,6344113.0,18362.0,90177.0,153142382.0
대구202208,8377896.0,705755.0,9881.0,7058.0,86808.0,140445.0,49403.0,7058.0,290065.0,10586.0,706.0,67395353.0,3421964.0,68127615.0,6363151.0,6650.0,115573.0,145430307.0
대구202209,8941902.0,751200.0,17278.0,7512.0,95402.0,158503.0,50330.0,8263.0,283202.0,12770.0,1502.0,72529662.0,3247616.0,65740428.0,5843277.0,18182.0,91223.0,147470387.0
대구202210,8306781.0,725745.0,49351.0,7983.0,89992.0,153858.0,50802.0,10160.0,256188.0,13063.0,1451.0,83704319.0,4236422.0,75082480.0,6032801.0,31631.0,74344.0,169161997.0
대구202211,7934274.0,701863.0,48429.0,7019.0,72292.0,150199.0,49832.0,10528.0,250565.0,12634.0,1404.0,76180459.0,3946939.0,68142097.0,5174785.0,12016.0,53847.0,153510141.0
대구202212,8376226.0,793086.0,47585.0,6345.0,77722.0,180824.0,54723.0,5552.0,304545.0,8724.0,1586.0,82451049.0,4388021.0,74519238.0,5457672.0,30799.0,36193.0,166882971.0
대구202301,9147805.0,793884.0,53190.0,6351.0,72243.0,184181.0,43664.0,7939.0,300088.0,8733.0,1588.0,73168697.0,3414316.0,68838267.0,5637445.0,46340.0,31694.0,151136759.0
대구202302,7673608.0,722754.0,45534.0,7228.0,67216.0,154669.0,45534.0,6505.0,276092.0,8673.0,1446.0,66082607.0,3571870.0,66250718.0,5295263.0,48942.0,42710.0,141292109.0
대구202303,9290473.0,894979.0,58174.0,8055.0,103818.0,187051.0,51909.0,11635.0,333827.0,16110.0,1790.0,74296761.0,3290201.0,72617345.0,5931202.0,48975.0,43599.0,156228082.0
대구202304,7783325.0,834324.0,53397.0,9178.0,101788.0,170202.0,54231.0,10012.0,306197.0,15852.0,2503.0,78491705.0,3967760.0,73323743.0,5800726.0,37760.0,1310579.0,162932273.0
대구202305,8339489.0,854133.0,53810.0,11104.0,99079.0,177660.0,52956.0,11104.0,320300.0,11958.0,2562.0,77468701.0,3712365.0,76493633.0,6269172.0,34146.0,6737224.0,170715241.0
대구202306,7689465.0,844995.0,53235.0,10985.0,103089.0,151254.0,55770.0,8450.0,330393.0,12675.0,2535.0,69230531.0,3257145.0,71143059.0,5937918.0,50095.0,6415231.0,156033978.0
대전202201,6155852.0,451385.0,2708.0,2708.0,31597.0,90728.0,31597.0,1806.0,140381.0,7222.0,0.0,38385709.0,1431828.0,24888734.0,1294210.0,1000.0,39320018.0,105321499.0
대전202202,5135351.0,339182.0,2035.0,2035.0,24082.0,61053.0,25099.0,1357.0,110573.0,5088.0,0.0,31609790.0,1314279.0,20557796.0,1303334.0,30.0,30843901.0,85629130.0
대전202203,6591926.0,461809.0,2771.0,3233.0,32788.0,84511.0,34174.0,1847.0,160248.0,6465.0,0.0,36431815.0,1490849.0,25650584.0,1728342.0,4836.0,32509784.0,97816211.0
대전202204,5677300.0,356667.0,4280.0,2853.0,35310.0,58850.0,26750.0,1427.0,132680.0,8203.0,0.0,38641223.0,1669844.0,31144400.0,1943962.0,5991.0,42930967.0,116336387.0
대전202205,6589603.0,494597.0,2968.0,4451.0,51933.0,85071.0,36600.0,2968.0,194871.0,11870.0,0.0,38917285.0,1822172.0,35359544.0,2581023.0,2127.0,53852488.0,132534639.0
대전202206,6096922.0,494245.0,2965.0,5437.0,47448.0,96872.0,39045.0,1977.0,197204.0,7414.0,0.0,46883832.0,1784616.0,33111761.0,2612032.0,1832.0,49408965.0,133803039.0
대전202207,6590498.0,549035.0,2745.0,5490.0,51060.0,110905.0,42276.0,2196.0,223457.0,6039.0,0.0,38961455.0,1958850.0,35487322.0,2593269.0,9361.0,53964889.0,132975147.0
대전202208,6371952.0,501450.0,2507.0,4513.0,48139.0,102296.0,37107.0,2006.0,201583.0,6519.0,0.0,39196560.0,2041954.0,35280461.0,2538894.0,2228.0,59478449.0,138538545.0
대전202209,7259288.0,699550.0,13991.0,6996.0,65058.0,148305.0,50368.0,3498.0,260932.0,11193.0,0.0,41813213.0,1685737.0,34860862.0,2498951.0,6394.0,52678086.0,133543242.0
대전202210,6659270.0,498633.0,51359.0,4986.0,47370.0,95239.0,35403.0,1995.0,171530.0,10471.0,0.0,39080292.0,2166399.0,39116853.0,2468004.0,29719.0,55794743.0,138656010.0
대전202211,6182764.0,488531.0,49342.0,4397.0,34686.0,93309.0,35174.0,1954.0,170986.0,11725.0,0.0,34911626.0,1896402.0,35812279.0,2069640.0,3593.0,56870892.0,131564432.0
대전202212,6411322.0,525691.0,49941.0,2628.0,36273.0,106715.0,34696.0,1577.0,198711.0,3680.0,0.0,35794439.0,2045403.0,38870881.0,1828982.0,8451.0,66295018.0,144843174.0
대전202301,6841589.0,541328.0,54133.0,3248.0,34104.0,110972.0,30856.0,2165.0,200291.0,4872.0,0.0,33266724.0,1627986.0,38137755.0,1856852.0,9234.0,62058886.0,136957436.0
대전202302,6173027.0,519225.0,49846.0,3635.0,34269.0,97095.0,32711.0,1558.0,198863.0,4673.0,0.0,31697695.0,1752922.0,38920592.0,1905661.0,5925.0,52331032.0,126613827.0
대전202303,7729728.0,708856.0,68759.0,6380.0,53164.0,133974.0,41823.0,2127.0,267948.0,9215.0,0.0,35393348.0,1725480.0,42841067.0,2436161.0,3634.0,55770269.0,138169959.0
대전202304,6241935.0,610519.0,60441.0,7326.0,58610.0,109283.0,38463.0,2442.0,225282.0,9158.0,0.0,36799330.0,1960858.0,43314462.0,2430740.0,9558.0,60521000.0,145035948.0
대전202305,6643901.0,604404.0,58627.0,7857.0,52583.0,113024.0,36264.0,3626.0,221212.0,10275.0,0.0,36825976.0,1696239.0,44596057.0,2608136.0,6965.0,63188483.0,148921856.0
대전202306,6618040.0,695300.0,64663.0,9039.0,66054.0,125849.0,43109.0,2781.0,256566.0,11125.0,0.0,36366558.0,1596725.0,41508854.0,2649883.0,15426.0,53092933.0,135230378.0
부산202201,11440099.0,980280.0,53915.0,14704.0,69600.0,253893.0,100969.0,31369.0,251932.0,72541.0,2941.0,107979187.0,9806143.0,90754858.0,7018538.0,51120.0,4683529.0,220293375.0
부산202202,9939494.0,1150132.0,62107.0,17252.0,81659.0,274882.0,124214.0,35654.0,312836.0,81659.0,3450.0,87801013.0,8972331.0,75809287.0,6429140.0,93932.0,4202722.0,183308426.0
부산202203,11439539.0,1381275.0,67682.0,24863.0,106358.0,338412.0,129840.0,33151.0,393663.0,95308.0,5525.0,99713987.0,7667319.0,86584918.0,7578412.0,92011.0,4843786.0,206480434.0
부산202204,10162094.0,1295349.0,64767.0,23316.0,143784.0,282386.0,130830.0,34974.0,388605.0,85493.0,5181.0,107600309.0,9777154.0,115167392.0,10025958.0,115935.0,6473574.0,249160322.0
부산202205,11947880.0,1928935.0,86802.0,44366.0,200609.0,385787.0,202538.0,61726.0,646193.0,121523.0,7716.0,112959251.0,11196852.0,134643063.0,12266391.0,172340.0,6369726.0,277607623.0
부산202206,11286370.0,2041224.0,91855.0,42866.0,214329.0,369462.0,236782.0,46948.0,736882.0,114309.0,8165.0,108297920.0,11578536.0,129075569.0,11633772.0,149627.0,7081819.0,267817242.0
부산202207,12605189.0,1868342.0,82207.0,39235.0,184966.0,334433.0,229806.0,39235.0,681945.0,119574.0,7473.0,106506317.0,13991004.0,137586949.0,11992753.0,120056.0,8056732.0,278253811.0
부산202208,12666223.0,1044942.0,47022.0,21944.0,103449.0,183910.0,130618.0,24034.0,380359.0,72101.0,4180.0,103637721.0,14463922.0,138420758.0,12408765.0,108858.0,6949602.0,275989625.0
부산202209,12301450.0,1150417.0,56370.0,24159.0,112741.0,238136.0,119643.0,27610.0,391142.0,66724.0,4602.0,104077711.0,9732072.0,119163979.0,10594451.0,120760.0,6088537.0,249777510.0
부산202210,12046802.0,1060413.0,76350.0,23329.0,114525.0,227989.0,110283.0,26510.0,336151.0,57262.0,4242.0,119738119.0,11376440.0,134900750.0,11566203.0,129404.0,6439340.0,284150256.0
부산202211,10926860.0,1002774.0,75208.0,21058.0,96266.0,219608.0,105291.0,25069.0,316877.0,49136.0,5014.0,105687328.0,9501118.0,120984635.0,9436439.0,207251.0,6769973.0,252586744.0
부산202212,12045107.0,1109291.0,78760.0,15530.0,96508.0,256246.0,120913.0,21077.0,374940.0,49918.0,6656.0,115216567.0,11308373.0,134189742.0,8712300.0,122895.0,7429240.0,276979117.0
부산202301,13182096.0,1297836.0,102529.0,16872.0,103827.0,301098.0,123294.0,33744.0,430882.0,64892.0,9085.0,105530290.0,10273731.0,125645020.0,8250711.0,127232.0,7393254.0,257220238.0
부산202302,11240743.0,1104069.0,86117.0,17665.0,94950.0,237375.0,114823.0,25394.0,368759.0,54099.0,6624.0,93220518.0,10560147.0,122472963.0,8261706.0,188664.0,8096334.0,242800330.0
부산202303,13162760.0,1366774.0,106608.0,27335.0,125743.0,306157.0,123010.0,31436.0,453769.0,68339.0,6834.0,107430880.0,8665192.0,127989436.0,9410203.0,191911.0,7470379.0,261158001.0
부산202304,11495203.0,1366991.0,101157.0,31441.0,140800.0,293903.0,132598.0,32808.0,448373.0,68350.0,6835.0,110346639.0,9394033.0,130727192.0,9588595.0,189231.0,6927842.0,267173532.0
부산202305,12451290.0,1330239.0,97107.0,30595.0,127703.0,283341.0,130363.0,39907.0,442970.0,66512.0,6651.0,110042291.0,10314405.0,136145419.0,10214238.0,146190.0,7749186.0,274611730.0
부산202306,11698515.0,1294210.0,97066.0,32355.0,138480.0,244606.0,133304.0,32355.0,434855.0,71182.0,5177.0,101874143.0,9587926.0,128501790.0,10234758.0,135770.0,7692088.0,258026474.0
서울202201,42796214.0,4685879.0,182749.0,32801.0,637280.0,1560398.0,492017.0,93718.0,1466680.0,9372.0,0.0,308948966.0,33762151.0,427551418.0,26389264.0,1657966.0,47034417.0,845344183.0
서울202202,36525325.0,4315457.0,172618.0,25893.0,591218.0,1303268.0,474700.0,86309.0,1445678.0,8631.0,0.0,267331308.0,31189856.0,359064942.0,24331638.0,1407612.0,43244264.0,726569620.0
서울202203,45534626.0,5618358.0,191024.0,39329.0,803425.0,1696744.0,601164.0,106749.0,1915860.0,16855.0,0.0,305306102.0,30761766.0,433864523.0,26572266.0,2143483.0,55636064.0,854284204.0
서울202204,47546308.0,5853127.0,222419.0,35119.0,995032.0,1597904.0,626285.0,128769.0,1995916.0,35119.0,0.0,332654415.0,35370932.0,535362302.0,32264472.0,2591718.0,72913587.0,1011157426.0
서울202205,49257599.0,6620411.0,238335.0,39722.0,1145331.0,1754409.0,701764.0,165510.0,2330385.0,26482.0,0.0,346317403.0,38757508.0,601151613.0,45617228.0,3185759.0,81111338.0,1116140848.0
서울202206,45495689.0,6706868.0,241447.0,40241.0,1093219.0,1757199.0,751169.0,120724.0,2468127.0,20121.0,0.0,339463928.0,37850312.0,565552030.0,45076214.0,3101670.0,80245242.0,1071289396.0
서울202207,49061779.0,6605730.0,204778.0,39634.0,1030494.0,1750518.0,739842.0,105692.0,2523389.0,19817.0,0.0,329818254.0,41582259.0,580652680.0,48820340.0,3199520.0,76891782.0,1080964835.0
서울202208,46809773.0,5156058.0,164994.0,30936.0,819813.0,1402448.0,577478.0,87653.0,1907741.0,15468.0,0.0,309593743.0,41435880.0,546814656.0,46335646.0,3245660.0,77885397.0,1025310982.0
서울202209,49975674.0,5619898.0,219176.0,33719.0,899184.0,1579191.0,623809.0,123638.0,1944485.0,22480.0,0.0,307784280.0,33412688.0,534220295.0,38119456.0,3431834.0,72681666.0,989650219.0
서울202210,50428808.0,5616323.0,460538.0,33698.0,853681.0,1555721.0,612179.0,117943.0,1819689.0,22465.0,0.0,344439596.0,38684204.0,590341963.0,36783914.0,3998095.0,77165931.0,1091413702.0
서울202211,47294553.0,5786566.0,457139.0,28933.0,758040.0,1689677.0,648095.0,109945.0,1909567.0,11573.0,0.0,320320140.0,34826489.0,549768369.0,31105509.0,3600273.0,76461658.0,1016082438.0
서울202212,48371402.0,5683628.0,392170.0,28418.0,704770.0,1693721.0,613832.0,73887.0,2023372.0,5684.0,0.0,351941869.0,41748982.0,599239868.0,43227501.0,4825232.0,73830060.0,1114813513.0
서울202301,47263954.0,5569748.0,445580.0,38988.0,696218.0,1687634.0,529126.0,89116.0,1904854.0,5570.0,0.0,297800508.0,35891290.0,528473825.0,39619288.0,6012018.0,79955390.0,987752319.0
서울202302,47098255.0,5525576.0,436521.0,33153.0,751478.0,1552687.0,558083.0,88409.0,1928426.0,11051.0,0.0,282491089.0,33368846.0,538171097.0,33841501.0,6012237.0,76360504.0,970245273.0
서울202303,54993024.0,6705531.0,529737.0,40233.0,938774.0,1911076.0,663848.0,120700.0,2279881.0,20117.0,6706.0,319081679.0,30529149.0,588932836.0,34882285.0,6589032.0,81637286.0,1061652267.0
서울202304,45031501.0,5817997.0,482894.0,52362.0,861064.0,1588313.0,599254.0,110542.0,1931575.0,23272.0,5818.0,319768167.0,31900164.0,576514758.0,35871046.0,6579904.0,82842298.0,1053476337.0
서울202305,49491023.0,6068737.0,503705.0,54619.0,910311.0,1662834.0,600805.0,127443.0,2014821.0,18206.0,6069.0,334075897.0,34445758.0,586842636.0,40989098.0,7467041.0,112250800.0,1116071230.0
서울202306,47746822.0,6337942.0,538725.0,63379.0,995057.0,1559134.0,665484.0,114083.0,2186590.0,19014.0,6338.0,303078724.0,29288443.0,558922409.0,40196302.0,8224200.0,101839996.0,1041550073.0
세종202201,2161993.0,14479.0,14.0,159.0,999.0,1462.0,217.0,72.0,3156.0,130.0,0.0,1482119.0,161459.0,4520479.0,546294.0,0.0,1016.0,6711366.0
세종202202,1851992.0,10406.0,10.0,135.0,780.0,895.0,156.0,52.0,2445.0,104.0,10.0,1176654.0,144580.0,3872281.0,621612.0,,649.0,5815776.0
세종202203,2365836.0,14955.0,120.0,329.0,1211.0,1331.0,239.0,60.0,3828.0,165.0,15.0,1537785.0,167086.0,5017903.0,1029799.0,,937.0,7753511.0
세종202204,2168301.0,13226.0,357.0,291.0,1349.0,1111.0,212.0,106.0,3690.0,317.0,13.0,1523885.0,152090.0,5914299.0,1265669.0,,2813.0,8858757.0
세종202205,2412971.0,18268.0,311.0,420.0,2028.0,1535.0,402.0,146.0,5517.0,256.0,18.0,1587208.0,175306.0,6585681.0,1515081.0,400.0,4059.0,9867736.0
세종202206,2142341.0,22463.0,270.0,629.0,2179.0,1775.0,607.0,90.0,7166.0,247.0,22.0,1421072.0,181898.0,6033718.0,1492583.0,0.0,2156.0,9131427.0
세종202207,2301674.0,20480.0,205.0,532.0,1843.0,1741.0,594.0,61.0,6881.0,184.0,0.0,1464053.0,199296.0,5958154.0,1472136.0,,4014.0,9097654.0
세종202208,2215812.0,23172.0,255.0,556.0,2085.0,2016.0,626.0,116.0,7624.0,232.0,0.0,1481252.0,200317.0,5748572.0,1312951.0,,2385.0,8745477.0
세종202209,2481029.0,28483.0,598.0,741.0,2677.0,2478.0,741.0,171.0,8459.0,313.0,0.0,1385457.0,165517.0,5656992.0,1276804.0,,4793.0,8489563.0
세종202210,2398345.0,26300.0,1736.0,658.0,3103.0,2104.0,710.0,210.0,7732.0,316.0,26.0,1438241.0,217124.0,6429706.0,1360187.0,,3005.0,9448263.0
세종202211,2187609.0,20833.0,1354.0,500.0,1750.0,1646.0,562.0,104.0,6146.0,208.0,21.0,1224559.0,192060.0,5743510.0,1107236.0,691.0,1322.0,8269378.0
세종202212,2164598.0,25667.0,1463.0,257.0,1771.0,2284.0,642.0,77.0,8367.0,128.0,0.0,1436052.0,167913.0,5574437.0,672604.0,0.0,1324.0,7852331.0
세종202301,2246056.0,26150.0,1569.0,209.0,1726.0,2458.0,523.0,105.0,7923.0,157.0,0.0,1299861.0,130274.0,5127236.0,575484.0,,346.0,7133202.0
세종202302,2083014.0,20683.0,1179.0,290.0,1489.0,1655.0,476.0,83.0,6432.0,145.0,21.0,1134017.0,146770.0,5348843.0,767750.0,,626.0,7398005.0
세종202303,2692832.0,32664.0,1960.0,653.0,2744.0,2907.0,784.0,131.0,10159.0,392.0,33.0,1507862.0,166182.0,6327052.0,1172997.0,119.0,1668.0,9175880.0
세종202304,2177221.0,29741.0,1814.0,744.0,2469.0,2558.0,744.0,238.0,9249.0,506.0,30.0,1505696.0,176632.0,6734225.0,1311423.0,0.0,4091.0,9732067.0
세종202305,2318062.0,32952.0,1944.0,890.0,2471.0,2867.0,923.0,231.0,10314.0,362.0,33.0,1559735.0,203955.0,6993570.0,1451218.0,1580.0,1562.0,10211620.0
세종202306,2211870.0,36520.0,2228.0,1023.0,2301.0,2228.0,1096.0,146.0,12307.0,365.0,37.0,1389263.0,212750.0,6457044.0,1419506.0,1353.0,1481.0,9481397.0
울산202201,3897163.0,231814.0,10895.0,4868.0,19472.0,33613.0,13445.0,3014.0,52390.0,10200.0,695.0,13092884.0,1336576.0,21433971.0,2575387.0,2738.0,34671.0,38476227.0
울산202202,3303227.0,191328.0,7462.0,3444.0,15689.0,26021.0,11862.0,2679.0,44962.0,7462.0,574.0,10501168.0,1189088.0,18038740.0,2404924.0,3536.0,30432.0,32167888.0
울산202203,3863197.0,246510.0,8628.0,4684.0,19228.0,34265.0,14051.0,3205.0,62860.0,9614.0,740.0,12539809.0,1322882.0,22033404.0,2963854.0,4147.0,28616.0,38892712.0
울산202204,3557199.0,204330.0,8173.0,4087.0,18798.0,26154.0,12464.0,3065.0,60073.0,9195.0,613.0,13394047.0,1397675.0,27534049.0,3502689.0,8180.0,36713.0,45873355.0
울산202205,4107418.0,348031.0,11833.0,7309.0,41764.0,43504.0,21926.0,6265.0,109282.0,14965.0,1044.0,14310059.0,1461439.0,31814898.0,4129756.0,12563.0,42290.0,51771006.0
울산202206,3789752.0,299516.0,9884.0,7188.0,28155.0,37440.0,20667.0,3295.0,98241.0,12280.0,599.0,12689414.0,1561690.0,29976291.0,4276840.0,4531.0,38977.0,48547742.0
울산202207,4171357.0,300856.0,9026.0,6017.0,24971.0,37306.0,23467.0,3309.0,102291.0,16547.0,602.0,13160825.0,1740961.0,31462129.0,4242953.0,3378.0,47589.0,50657834.0
울산202208,4169978.0,265309.0,8755.0,5041.0,24939.0,32102.0,22286.0,3184.0,87552.0,17776.0,531.0,12425686.0,1905476.0,31354489.0,4202644.0,5505.0,52304.0,49946105.0
울산202209,4114528.0,264822.0,11123.0,5826.0,24364.0,36016.0,17478.0,3443.0,79976.0,10593.0,530.0,12617288.0,1532891.0,27769691.0,3726846.0,4582.0,41787.0,45693085.0
울산202210,4419663.0,287810.0,29357.0,6620.0,32810.0,33098.0,24176.0,4029.0,82601.0,10937.0,863.0,14509292.0,2102266.0,32412545.0,4071123.0,6800.0,42638.0,53144664.0
울산202211,3747959.0,241878.0,23946.0,5079.0,21285.0,30477.0,14513.0,3628.0,71354.0,8708.0,726.0,12632715.0,1579795.0,28783865.0,3645895.0,10755.0,47351.0,46700377.0
울산202212,3835198.0,294490.0,28271.0,4712.0,20614.0,41229.0,16786.0,2650.0,96004.0,8246.0,589.0,14049925.0,1588234.0,31155609.0,2907127.0,10904.0,30773.0,49742572.0
울산202301,4233573.0,280595.0,28901.0,4770.0,18800.0,39003.0,13749.0,3367.0,86143.0,9540.0,842.0,12313868.0,1328666.0,29117016.0,2576357.0,17186.0,38501.0,45391595.0
울산202302,3573533.0,222653.0,22043.0,3785.0,16476.0,27386.0,12246.0,2449.0,69245.0,7348.0,668.0,10496868.0,1350086.0,27808693.0,2754767.0,34998.0,23645.0,42469058.0
울산202303,4304059.0,316087.0,32241.0,6006.0,26235.0,39195.0,16437.0,3793.0,98303.0,12643.0,948.0,12969994.0,1413051.0,30578348.0,3500212.0,26167.0,32016.0,48519788.0
울산202304,3748211.0,288852.0,28019.0,6355.0,26286.0,35240.0,16753.0,3755.0,89544.0,10976.0,867.0,13064766.0,1526255.0,30729506.0,3717546.0,11483.0,40497.0,49090052.0
울산202305,4303021.0,303983.0,27966.0,6688.0,32526.0,35262.0,21279.0,4864.0,93019.0,10031.0,608.0,13250729.0,1712682.0,32426417.0,3855275.0,8736.0,41263.0,51295102.0
울산202306,3961710.0,288404.0,28552.0,6922.0,26533.0,29129.0,19035.0,3172.0,91712.0,12401.0,577.0,12187982.0,1367690.0,30094419.0,3933758.0,7390.0,41088.0,47632327.0
인천202201,11615458.0,1195585.0,107603.0,29890.0,82495.0,283354.0,104016.0,23912.0,340742.0,76517.0,2391.0,44989198.0,4743821.0,56520813.0,4153860.0,26430.0,2001536.0,112435659.0
인천202202,9940154.0,844340.0,70925.0,21953.0,61637.0,181533.0,80212.0,16042.0,254991.0,51505.0,1689.0,37380499.0,4530937.0,49191085.0,4483915.0,21183.0,1714522.0,97322139.0
인천202203,11701347.0,1124929.0,93369.0,50622.0,87744.0,236235.0,93369.0,17999.0,353228.0,66371.0,2250.0,44743476.0,4374952.0,60080664.0,7641814.0,17650.0,1942802.0,118801357.0
인천202204,13140228.0,1203428.0,108309.0,56561.0,131174.0,226244.0,103495.0,22865.0,369452.0,74613.0,2407.0,50560093.0,5025270.0,74323542.0,9337635.0,28368.0,2698082.0,141972991.0
인천202205,13449655.0,1352610.0,133908.0,59515.0,140671.0,238059.0,120382.0,24347.0,447714.0,82509.0,4058.0,54213633.0,5736201.0,86262681.0,11261321.0,52932.0,3133403.0,160660171.0
인천202206,12505647.0,1272303.0,136136.0,50892.0,117052.0,204841.0,119596.0,16540.0,456757.0,71249.0,5089.0,49885880.0,5643988.0,80402738.0,10473260.0,48213.0,3164828.0,149618907.0
인천202207,14147525.0,1374292.0,158044.0,50849.0,115441.0,218512.0,131932.0,15117.0,516734.0,68715.0,4123.0,53134160.0,6925670.0,89040175.0,10568617.0,35837.0,2712361.0,162416821.0
인천202208,13905818.0,1357887.0,164304.0,46168.0,115420.0,215904.0,131715.0,17653.0,496987.0,74684.0,5432.0,50463008.0,7582309.0,89132194.0,10194470.0,42272.0,2821881.0,160236134.0
인천202209,14802431.0,1569779.0,193083.0,64361.0,144420.0,288839.0,138141.0,23547.0,529016.0,72210.0,4709.0,53079975.0,5793360.0,85572747.0,10494888.0,39670.0,2330725.0,157311366.0
인천202210,14628920.0,1492407.0,196998.0,59696.0,134317.0,301466.0,134317.0,23879.0,485032.0,58204.0,5970.0,60056462.0,6338773.0,93253564.0,10898959.0,39590.0,3322456.0,173909804.0
인천202211,13311216.0,1420338.0,217312.0,53973.0,113627.0,291169.0,120729.0,18464.0,455928.0,42610.0,2841.0,53400295.0,5456009.0,81388231.0,9206675.0,33726.0,2495067.0,151980003.0
인천202212,13682188.0,1508078.0,250341.0,25637.0,101041.0,313680.0,135727.0,12065.0,524811.0,33178.0,4524.0,58642387.0,6355349.0,87823927.0,5196440.0,13608.0,2562700.0,160594411.0
인천202301,14324582.0,1575823.0,305710.0,26789.0,97701.0,323044.0,113459.0,20486.0,524749.0,42547.0,6303.0,55631875.0,5914927.0,84798724.0,5036742.0,7466.0,2776276.0,154166011.0
인천202302,13191643.0,1454476.0,270533.0,29090.0,97450.0,273441.0,113449.0,17454.0,498885.0,42180.0,5818.0,49758321.0,5233603.0,83975870.0,5740818.0,10580.0,2774429.0,147493622.0
인천202303,15632212.0,1818458.0,307319.0,54554.0,140021.0,356418.0,129111.0,21821.0,618276.0,58191.0,3637.0,57799925.0,4576855.0,91062428.0,7971954.0,16930.0,3262910.0,164691002.0
인천202304,13830256.0,1689006.0,273619.0,74316.0,162145.0,307399.0,130053.0,25335.0,545549.0,57426.0,5067.0,60649438.0,5097771.0,94262228.0,9397900.0,30253.0,3255570.0,172693160.0
인천202305,15898184.0,1870055.0,314169.0,82282.0,164565.0,344090.0,140254.0,26181.0,626468.0,48621.0,5610.0,62874959.0,5638931.0,97197101.0,10486032.0,40797.0,4431657.0,180669477.0
인천202306,14330839.0,1761411.0,317054.0,79263.0,163811.0,273019.0,142674.0,19376.0,600641.0,47558.0,5284.0,57360007.0,5232999.0,92850531.0,11013736.0,24410.0,3745981.0,170227665.0
전남202201,9890653.0,1175069.0,116332.0,48178.0,98706.0,81080.0,144533.0,61104.0,299643.0,102231.0,3525.0,12276213.0,4695515.0,34601499.0,9209655.0,19225.0,75894.0,60878001.0
전남202202,8073028.0,860656.0,78320.0,35287.0,73156.0,51639.0,109303.0,44754.0,231516.0,70574.0,3443.0,9628192.0,4308906.0,28753517.0,8854556.0,21752.0,58745.0,51625667.0
전남202203,9178246.0,930473.0,76299.0,43732.0,88395.0,55828.0,99561.0,63272.0,253089.0,73507.0,14888.0,12125709.0,3889932.0,34180846.0,11597690.0,20134.0,86915.0,61901225.0
전남202204,9743255.0,908757.0,91784.0,41803.0,89058.0,48164.0,106325.0,78153.0,254452.0,77244.0,9996.0,14768491.0,5437002.0,45047028.0,14613747.0,51417.0,134380.0,80052065.0
전남202205,10410042.0,1034969.0,104532.0,49679.0,119021.0,55888.0,129371.0,54853.0,311526.0,89007.0,5175.0,15983174.0,6210843.0,52646761.0,17432456.0,99370.0,125552.0,92498157.0
전남202206,10333194.0,997856.0,90805.0,47897.0,107768.0,51889.0,138702.0,42908.0,312329.0,81824.0,4989.0,13619537.0,6484934.0,50019779.0,17528937.0,78696.0,137130.0,87869012.0
전남202207,15471324.0,1661747.0,132940.0,69793.0,162851.0,84749.0,264218.0,59823.0,551700.0,144572.0,8309.0,14235438.0,8337779.0,53064420.0,16603746.0,78327.0,123700.0,92443411.0
전남202208,11909451.0,1085715.0,95543.0,41257.0,112914.0,53200.0,172629.0,44514.0,361543.0,99886.0,5429.0,13808329.0,10121944.0,58644687.0,17279441.0,77528.0,145036.0,100076965.0
전남202209,11871080.0,1232982.0,124531.0,55484.0,120832.0,70280.0,150424.0,71513.0,371128.0,104803.0,4932.0,15184017.0,5418474.0,44580047.0,14649819.0,40647.0,99601.0,79972605.0
전남202210,11744337.0,1103753.0,168874.0,45254.0,125828.0,55188.0,133554.0,64018.0,315673.0,87196.0,4415.0,18848284.0,6835750.0,55240542.0,17308601.0,64629.0,149563.0,98447369.0
전남202211,10006948.0,1032498.0,151777.0,47495.0,90860.0,56787.0,121835.0,70210.0,295294.0,73307.0,3097.0,16050076.0,5446731.0,45019821.0,13983148.0,25108.0,97839.0,80622723.0
전남202212,8600850.0,1087842.0,147947.0,32635.0,88115.0,71798.0,144683.0,34811.0,338319.0,59831.0,4351.0,16532738.0,5036489.0,39390572.0,8173205.0,28834.0,66851.0,69228689.0
전남202301,10619384.0,987271.0,145129.0,24682.0,83918.0,66147.0,115511.0,39491.0,303092.0,61211.0,4936.0,13577304.0,4803963.0,41112958.0,6747075.0,30169.0,55820.0,66327289.0
전남202302,8461226.0,864734.0,109821.0,28536.0,78691.0,50155.0,109821.0,35454.0,274121.0,51884.0,4324.0,12353195.0,5085669.0,41481367.0,8723021.0,51483.0,58732.0,67753468.0
전남202303,11153705.0,1168960.0,150796.0,43252.0,120403.0,64293.0,123910.0,87672.0,347181.0,78320.0,16365.0,15607733.0,4861147.0,47028277.0,12352025.0,49263.0,120194.0,80018638.0
전남202304,11046449.0,1244338.0,209049.0,48529.0,128167.0,63461.0,143099.0,80882.0,357125.0,83371.0,7466.0,16538859.0,5955234.0,54220925.0,14858469.0,60876.0,190509.0,91824872.0
전남202305,11505279.0,1323211.0,210391.0,56898.0,137614.0,70130.0,154816.0,62191.0,396963.0,87332.0,5293.0,17178985.0,6149004.0,54355558.0,15899515.0,79558.0,154364.0,93816983.0
전남202306,10070728.0,1123759.0,166316.0,55064.0,96643.0,51693.0,143841.0,47198.0,349489.0,80911.0,4495.0,14277473.0,5733162.0,48783880.0,15631452.0,46073.0,132603.0,84604643.0
전북202201,7385408.0,702969.0,29525.0,21792.0,61861.0,74515.0,72406.0,39366.0,197534.0,42881.0,2109.0,17607141.0,4383519.0,32994279.0,4203736.0,740.0,24142.0,59213557.0
전북202202,5930430.0,454057.0,17708.0,13622.0,39049.0,41773.0,49946.0,25427.0,133947.0,27697.0,908.0,13596557.0,3436075.0,26894352.0,4318980.0,500.0,21957.0,48268421.0
전북202203,6630913.0,489369.0,18596.0,20064.0,38660.0,46979.0,45022.0,25447.0,151215.0,29852.0,1468.0,16019007.0,2151347.0,30761390.0,7185527.0,7680.0,25488.0,56150439.0
전북202204,6486462.0,480934.0,22604.0,18756.0,47612.0,38475.0,51460.0,34146.0,152456.0,35589.0,2886.0,18836770.0,2959019.0,41172847.0,9721519.0,7128.0,28845.0,72726127.0
전북202205,7327523.0,600338.0,27015.0,24014.0,62435.0,46826.0,64837.0,37221.0,204715.0,46826.0,4202.0,20122955.0,3239118.0,47409113.0,11230115.0,11174.0,32338.0,82044812.0
전북202206,7855493.0,572286.0,22891.0,22319.0,49789.0,41777.0,72108.0,28614.0,209457.0,40060.0,4006.0,16808769.0,3137168.0,43602121.0,10819070.0,12405.0,34229.0,74413762.0
전북202207,12297896.0,977707.0,34220.0,32264.0,78217.0,71373.0,142745.0,42041.0,368596.0,70395.0,3911.0,16272415.0,3649120.0,44364195.0,9471710.0,5792.0,33732.0,73796965.0
전북202208,8612745.0,850610.0,34875.0,26369.0,70601.0,61244.0,126741.0,43381.0,313024.0,68899.0,5104.0,14376524.0,4310306.0,46544146.0,9045628.0,8107.0,24743.0,74309454.0
전북202209,9023837.0,782038.0,44576.0,26589.0,73512.0,65691.0,86806.0,46922.0,266675.0,55525.0,4692.0,14298248.0,2561382.0,36555639.0,8094858.0,12787.0,29239.0,61552153.0
전북202210,8742209.0,726053.0,97291.0,22508.0,88578.0,47193.0,82044.0,43563.0,218542.0,50098.0,3630.0,16383686.0,3607071.0,42879195.0,9537017.0,23039.0,30852.0,72460860.0
전북202211,7795796.0,696936.0,103843.0,21605.0,50179.0,50179.0,74572.0,41119.0,218838.0,45301.0,2091.0,14133355.0,2951518.0,36750721.0,7878142.0,34257.0,18705.0,61766698.0
전북202212,6488755.0,671579.0,88648.0,13432.0,42981.0,55741.0,78575.0,22834.0,237739.0,20819.0,2015.0,15047088.0,3503739.0,32642916.0,3307234.0,1751.0,23638.0,54526367.0
전북202301,8266749.0,735727.0,101530.0,16186.0,46351.0,64008.0,78723.0,29429.0,258240.0,25015.0,2943.0,13632015.0,4409333.0,33925344.0,2768804.0,21237.0,17871.0,54774603.0
전북202302,6549710.0,606379.0,73978.0,14553.0,42447.0,46085.0,67308.0,28500.0,217690.0,21830.0,2426.0,11499783.0,3575471.0,33268842.0,3891666.0,14911.0,17098.0,52267771.0
전북202303,8110891.0,794879.0,106514.0,23846.0,61206.0,62795.0,71539.0,39744.0,278208.0,35770.0,3180.0,14280560.0,2345220.0,36323418.0,6331225.0,7504.0,40189.0,59328116.0
전북202304,7604794.0,825257.0,105633.0,26408.0,80875.0,57768.0,84176.0,47865.0,273985.0,43739.0,6602.0,14209473.0,2939733.0,40167319.0,7550807.0,27254.0,18311.0,64912896.0
전북202305,8239808.0,834931.0,107706.0,29223.0,75979.0,60950.0,85163.0,40912.0,281372.0,45921.0,5010.0,14763325.0,2906451.0,40987019.0,7876148.0,37074.0,33204.0,66603220.0
전북202306,7449059.0,746697.0,92590.0,26881.0,67949.0,44055.0,82883.0,33601.0,255370.0,42562.0,6720.0,12043055.0,2758657.0,37092649.0,8024945.0,20948.0,13183.0,59953437.0
제주202201,5590239.0,281274.0,28971.0,9845.0,23908.0,16033.0,47817.0,1969.0,87476.0,28409.0,2813.0,28810522.0,14310577.0,39107317.0,7795144.0,403154.0,6070391.0,96497105.0
제주202202,4831029.0,235113.0,24452.0,8464.0,19044.0,12461.0,39499.0,1881.0,76882.0,24452.0,1411.0,24924691.0,13769076.0,35688245.0,7282250.0,385425.0,5310972.0,87360658.0
제주202203,4692568.0,245326.0,26250.0,9322.0,16682.0,13248.0,38516.0,2208.0,78259.0,27967.0,981.0,25544206.0,12007297.0,33506538.0,8224012.0,388560.0,4803789.0,84474402.0
제주202204,5215911.0,282845.0,31961.0,11597.0,20365.0,14425.0,47801.0,2546.0,91642.0,33093.0,849.0,33216528.0,16079025.0,44580103.0,10536072.0,467841.0,6515144.0,111394713.0
제주202205,5211568.0,304787.0,31393.0,12496.0,24383.0,14935.0,52728.0,2134.0,101494.0,36270.0,914.0,33994215.0,18866473.0,50025325.0,12039591.0,541088.0,7514411.0,122981102.0
제주202206,5497719.0,314807.0,31166.0,11963.0,25185.0,14796.0,56036.0,1889.0,109238.0,34629.0,944.0,32574890.0,18804519.0,49304725.0,11057749.0,464173.0,7383760.0,119589817.0
제주202207,7291538.0,442170.0,38911.0,15034.0,34047.0,20782.0,81801.0,2211.0,156528.0,50850.0,884.0,27649450.0,22110293.0,47717327.0,9899197.0,552515.0,6332385.0,114261166.0
제주202208,6155493.0,374932.0,34494.0,12748.0,27745.0,17247.0,70112.0,1875.0,136100.0,43867.0,1125.0,28870038.0,24613491.0,53474658.0,10315211.0,603574.0,6879988.0,124756959.0
제주202209,4988408.0,328692.0,31554.0,11833.0,24323.0,16435.0,55549.0,2301.0,112084.0,32869.0,986.0,23118928.0,14271103.0,37099310.0,8644622.0,419591.0,5170908.0,88724462.0
제주202210,6001209.0,378172.0,38574.0,15127.0,29876.0,17774.0,63155.0,3025.0,128578.0,43490.0,1891.0,29224569.0,17039751.0,48409003.0,11506017.0,512350.0,6393737.0,113085426.0
제주202211,5196776.0,323979.0,32074.0,12959.0,24298.0,15875.0,53457.0,2592.0,106589.0,33370.0,1944.0,26233020.0,13473935.0,38527570.0,9298779.0,365329.0,5536316.0,93434949.0
제주202212,4749068.0,305023.0,27757.0,9151.0,25317.0,15861.0,51244.0,1830.0,103403.0,25012.0,3965.0,21971823.0,13054081.0,34440681.0,6375304.0,436051.0,5700074.0,81978015.0
제주202301,5203011.0,348060.0,34110.0,9398.0,29237.0,18795.0,56386.0,2436.0,116600.0,29585.0,4525.0,22448428.0,12450194.0,36143656.0,5631781.0,493396.0,6669654.0,83837110.0
제주202302,4868528.0,324375.0,31464.0,10056.0,27572.0,16868.0,52873.0,2271.0,108990.0,28869.0,2919.0,22186206.0,12162468.0,36868230.0,6709367.0,553525.0,6105853.0,84585649.0
제주202303,5345546.0,412675.0,45394.0,14856.0,28475.0,21872.0,62314.0,4127.0,134945.0,44982.0,2063.0,24707282.0,10350926.0,37047860.0,7863546.0,602712.0,6088358.0,86660683.0
제주202304,5147352.0,482492.0,49697.0,20265.0,36187.0,25090.0,76716.0,4342.0,156327.0,51144.0,3860.0,27191576.0,12304924.0,40691345.0,8969089.0,527575.0,6048300.0,95732808.0
제주202305,5287218.0,485436.0,46602.0,20388.0,37864.0,24272.0,76699.0,3883.0,159708.0,50000.0,3883.0,25922330.0,13782932.0,40339123.0,9390437.0,539488.0,10691203.0,100665513.0
제주202306,5113960.0,514760.0,49932.0,21105.0,39637.0,21620.0,85450.0,3089.0,173989.0,53535.0,3603.0,24019138.0,13346114.0,39381924.0,8861593.0,481303.0,8509572.0,94599645.0
충남202201,11609252.0,1150076.0,31052.0,29902.0,89706.0,141459.0,127658.0,63254.0,346173.0,134559.0,10351.0,24192793.0,3562888.0,45240368.0,3859488.0,1080.0,24330.0,76880948.0
충남202202,9832602.0,799120.0,21576.0,25572.0,60733.0,87903.0,92698.0,44751.0,249325.0,88702.0,7192.0,19400415.0,3321032.0,38865155.0,4437232.0,1765.0,24106.0,66049706.0
충남202203,12205485.0,1246330.0,31158.0,61070.0,95967.0,134604.0,124633.0,68548.0,405057.0,143328.0,11217.0,22776128.0,3298497.0,47550319.0,7753014.0,10143.0,31000.0,81419102.0
충남202204,12805313.0,1069545.0,34225.0,51338.0,100537.0,87703.0,128345.0,100537.0,324072.0,136902.0,11765.0,25817301.0,4220066.0,61700096.0,9901047.0,11806.0,59563.0,101709879.0
충남202205,14425627.0,1236966.0,39583.0,61848.0,116275.0,102668.0,166990.0,70507.0,404488.0,157095.0,17318.0,28775433.0,5078363.0,68593853.0,11519586.0,11239.0,90171.0,114068645.0
충남202206,13197460.0,1115339.0,31229.0,53536.0,101496.0,88112.0,163955.0,50190.0,387023.0,129379.0,17845.0,26587221.0,5193512.0,63756255.0,10731843.0,4494.0,81016.0,106354340.0
충남202207,14180561.0,1422740.0,29878.0,61178.0,118087.0,113819.0,224793.0,62601.0,517877.0,156501.0,19918.0,24584516.0,6715300.0,65770929.0,9420986.0,14565.0,71742.0,106578039.0
충남202208,14484879.0,1473005.0,33879.0,57447.0,122259.0,119313.0,237154.0,60393.0,517025.0,188545.0,22095.0,23670243.0,7625564.0,66968737.0,8320007.0,12337.0,82466.0,106679353.0
충남202209,15843104.0,1481829.0,56310.0,72610.0,121510.0,133365.0,200047.0,68164.0,474185.0,211902.0,13336.0,27135583.0,4927955.0,61343090.0,9314905.0,27748.0,79847.0,102829128.0
충남202210,15448886.0,1432971.0,141864.0,65917.0,149029.0,121803.0,181987.0,77380.0,422726.0,169091.0,14330.0,32403645.0,5594535.0,71445367.0,10197728.0,15830.0,105129.0,119762234.0
충남202211,12940585.0,1257934.0,135857.0,64155.0,93087.0,115730.0,147178.0,65413.0,413860.0,103151.0,11321.0,27536136.0,4800962.0,59132438.0,8564612.0,10998.0,75541.0,100120688.0
충남202212,11024049.0,1168944.0,121570.0,24548.0,77150.0,125077.0,146118.0,36237.0,439523.0,65461.0,12858.0,25766888.0,4289313.0,54450196.0,3851722.0,6370.0,33848.0,88398336.0
충남202301,12660157.0,1307624.0,146454.0,26152.0,95457.0,145146.0,135993.0,52305.0,472052.0,81073.0,14384.0,23508988.0,4333917.0,53078723.0,3667255.0,8438.0,30404.0,84627725.0
충남202302,11301900.0,1273897.0,132485.0,35669.0,94268.0,132485.0,137581.0,53504.0,457329.0,87899.0,15287.0,21325380.0,4454183.0,53880600.0,4840147.0,17192.0,28822.0,84546325.0
충남202303,14887249.0,1535582.0,156629.0,61423.0,119775.0,145880.0,142809.0,85993.0,538989.0,136667.0,10749.0,25578907.0,3898752.0,62511359.0,8315356.0,12721.0,68621.0,100385716.0
충남202304,13563243.0,1678400.0,161126.0,72171.0,146021.0,147699.0,189659.0,124202.0,540445.0,161126.0,16784.0,26387331.0,4874124.0,68786404.0,9687434.0,5820.0,91873.0,109832987.0
충남202305,14477968.0,1603535.0,153939.0,73763.0,128283.0,147525.0,198838.0,75366.0,535581.0,149129.0,16035.0,28563638.0,5432957.0,69325341.0,10024109.0,11755.0,77539.0,113435339.0
충남202306,13408886.0,1579189.0,145285.0,75801.0,131073.0,115281.0,208453.0,67905.0,536924.0,157919.0,22109.0,25007512.0,5673481.0,63840546.0,10133186.0,10691.0,79615.0,104745030.0
충북202201,7899318.0,972452.0,64182.0,56402.0,66127.0,102107.0,101135.0,27229.0,264507.0,37926.0,8752.0,19571535.0,2556813.0,35312007.0,5017460.0,4000.0,139191.0,62601007.0
충북202202,6669858.0,557731.0,34022.0,44618.0,37368.0,50196.0,59677.0,15059.0,160627.0,20078.0,3904.0,15098842.0,2368606.0,30426499.0,6616225.0,1336.0,130869.0,54642376.0
충북202203,8289171.0,748300.0,38163.0,98776.0,49388.0,64354.0,71088.0,17959.0,225987.0,23197.0,3742.0,18358560.0,2422683.0,37571150.0,13129651.0,4701.0,136651.0,71623396.0
충북202204,8499345.0,720253.0,51138.0,93633.0,62662.0,52578.0,77787.0,22328.0,222558.0,29530.0,4322.0,20992146.0,2957947.0,47462177.0,17618652.0,13281.0,206698.0,89250901.0
충북202205,9771326.0,877481.0,58791.0,114073.0,72831.0,61424.0,98278.0,28079.0,288691.0,40364.0,5265.0,21968768.0,3325479.0,54910322.0,21206287.0,10798.0,264581.0,101686235.0
충북202206,8845775.0,807442.0,46832.0,99315.0,59751.0,54099.0,98508.0,18571.0,283412.0,37142.0,4037.0,18927518.0,3250464.0,51268917.0,20117243.0,6129.0,245483.0,93815754.0
충북202207,9857103.0,949246.0,46513.0,107265.0,66447.0,65498.0,128148.0,19934.0,336982.0,56006.0,5695.0,19244525.0,3762411.0,54513923.0,18571961.0,8246.0,244117.0,96345184.0
충북202208,10032047.0,900205.0,50411.0,93621.0,71116.0,64815.0,126029.0,19805.0,308770.0,54913.0,5401.0,18037770.0,4486426.0,54888950.0,16419516.0,10247.0,296462.0,94139372.0
충북202209,10597214.0,965877.0,66646.0,121701.0,77270.0,74373.0,109144.0,27045.0,315842.0,41533.0,4829.0,20174498.0,3156780.0,50757416.0,18918026.0,7819.0,251417.0,93265957.0
충북202210,10552630.0,950631.0,141644.0,100767.0,85557.0,66544.0,102668.0,34223.0,275683.0,49433.0,4753.0,23361819.0,3921234.0,58219380.0,22085663.0,8270.0,398544.0,107994909.0
충북202211,9134928.0,857266.0,127733.0,91727.0,57437.0,64295.0,86584.0,24861.0,264895.0,31719.0,4286.0,20012967.0,3253743.0,49807423.0,18115965.0,21205.0,246020.0,91457323.0
충북202212,7640488.0,830874.0,122969.0,34897.0,45698.0,77271.0,85580.0,11632.0,296622.0,17448.0,5816.0,21441374.0,2937514.0,46857513.0,5144197.0,18172.0,37082.0,76435852.0
충북202301,8630919.0,831783.0,131422.0,24122.0,49075.0,80683.0,74029.0,18299.0,285302.0,19131.0,7486.0,18429212.0,3029089.0,44691145.0,3674266.0,5000.0,27765.0,69856476.0
충북202302,7558713.0,737216.0,106896.0,47919.0,44970.0,62663.0,67087.0,15482.0,253602.0,17693.0,5161.0,16536566.0,2902939.0,44400056.0,7450884.0,17104.0,34718.0,71342267.0
충북202303,10049449.0,1001610.0,142229.0,105169.0,65105.0,80129.0,84135.0,24039.0,336541.0,26042.0,6010.0,20768747.0,2902270.0,51173560.0,15319554.0,12682.0,76016.0,90252828.0
충북202304,9091283.0,1018608.0,148717.0,108991.0,79451.0,73340.0,99824.0,27502.0,324936.0,31577.0,8149.0,20645786.0,3211012.0,54444374.0,18263107.0,10902.0,162341.0,96737523.0
충북202305,9841989.0,1145340.0,160348.0,129423.0,82464.0,82464.0,115679.0,32070.0,371090.0,34360.0,6872.0,21217701.0,3267158.0,56454396.0,19760050.0,10149.0,143807.0,100853260.0
충북202306,9217321.0,1010318.0,138414.0,114166.0,71733.0,59609.0,109114.0,23237.0,335426.0,39402.0,6062.0,17789363.0,3110473.0,52389709.0,19574206.0,16076.0,166684.0,93046511.0
