,지역명,지역,외식,유흥,미용,레저스포츠,숙박,애완동물돌보기,스포츠용품구매,사진촬영,교육훈련,여행사,헬스,음악감상,적합도,적적합도
0,종로구,11110,2.6503432376098100,2.2054253112634600,0.3664031065327390,0.7743115706186370,1.5074899980561900,-0.19863152295207600,0.10704184908181300,3.5838673455927700,0.21357479622680400,1.012473508866630,0.3696678502414730,2.998537053887900,1.6797715928683600,0.9534991179086640
1,중구,11140,6.371953566272640,0.8380738218145990,0.9366161392991240,0.8285140922616600,4.553298049248600,-0.05276935504442650,9.902063800155280,0.5736894236420220,-0.25995200490615100,1.9011446371153800,0.883022074509421,3.6910207873419200,2.235982755041080,0.9873235496004410
2,용산구,11170,1.564364942878160,0.7956236503313350,0.9361850732009040,0.6228255386511830,1.293936763978900,0.3929023756867300,0.3151086924958960,1.5612868046279300,-0.1649088620153650,-0.054353582437593300,0.2435803781975190,0.6983733173270890,0.9263746272915260,0.8228743373807610
3,성동구,11200,1.6282480878983400,1.5550325812031600,0.9384840923914100,0.4788835427306960,-0.26651027393427800,0.7642573741218920,-0.13623942991404600,2.191516080059620,0.37686670040259900,-0.12376047289255600,0.5701597609888450,1.476032150283460,1.1107111703855800,0.8666536537454240
4,광진구,11215,1.346866808478980,2.7993106171627100,1.495406466807550,2.1027904628887400,0.9514639334512700,0.8330103865722450,-0.0862831577996196,1.6186213901571900,0.4117409213335040,0.568697889166348,0.47000927370491900,0.21886367012872400,1.3527131568151000,0.911926357203448
5,동대문구,11230,0.6964861651808230,0.9985072084296310,0.521831937563651,0.5998321770224460,-0.18308935494793700,0.5297746062784610,-0.22628003062218600,0.11389214212802900,0.1510127669635170,-0.1053216340975760,1.4188621567038300,-0.1955655149498870,0.4130870261880670,0.6602285727877340
6,중랑구,11260,0.470731417342587,1.0129332276014300,1.0685832828067800,0.5772834350710450,-0.09214496309605720,1.0475112354078400,-0.09674574935088900,-0.12474874258796500,0.35312840545687400,-0.1260714140943650,0.41640438741725,-0.13506357780338300,0.34002044990688700,0.6330794361591570
7,성북구,11290,0.9309134286694990,1.7228780692861900,1.0941986617865400,0.7029150744425590,-0.2864549461797180,1.314271531853200,-0.4349692693984690,1.0624271358865900,0.36365763442383900,-0.12620999565752000,1.0533424999920800,-0.19595311494762300,0.827755760881113,0.796095583436887
8,강북구,11305,0.3587542328705020,1.2455565952326300,0.717287086069564,0.5971934558939110,-0.03866379944006030,0.5290550633276850,0.0501587521890355,0.02633435292100880,-0.1628494602303780,-0.12659203131811100,0.34486399140663300,-0.09677596552708590,0.3297124089721370,0.6291913617012820
9,도봉구,11320,0.20589489954593700,-0.07371972042827080,0.4597565072129800,0.27273103815256400,-0.49994299493253700,0.8370766120211920,0.2122067309223890,-0.3782158975177030,0.04161363926041240,-0.12600399603661300,0.316910577834851,0.01970994629232090,0.019042013837186000,0.5075962053590220
10,노원구,11350,1.2276416410268400,2.0736275359328700,1.8079318465687600,1.7789116084739000,-0.2798766605189470,1.3762653144084400,-0.20893343627478200,1.3064746890891100,1.3946973375027600,-0.12620999565752000,0.6399299823257810,7.7080950513713300,1.1790269167101400,0.8808062710563730
11,은평구,11380,0.8463029948010790,1.9607870899982500,1.4685710997449900,0.7894068919464400,-0.054338153919130800,1.4136330812251800,0.01200658096527970,0.22763947255149800,0.40333889885845500,-0.11182373122292300,0.6913132280199690,-0.025324328444557000,0.6815033952547970,0.7522234904340840
12,서대문구,11410,1.167305125465710,1.78711383056965,0.9742467345425740,0.8952155013015240,0.11321868558129500,0.6505658596974010,-0.509381323218085,1.2018896741838700,0.3682510709423200,-0.10414181808692800,0.10123121078939900,-0.08289504060818810,0.7568370749489640,0.7754262610309710
13,마포구,11440,3.4175842292874600,3.273794375260910,3.445232068787340,2.193482003214410,0.6473608145378870,2.191400602519350,1.0932328378112000,8.514239310355760,1.3223173639432500,0.09321330963704310,2.3891677009194700,11.159382331206500,4.41626878505747,0.9999949790397250
14,양천구,11470,0.9755427532084060,0.39797675132058800,1.2665461542415000,0.5082997255679010,-0.5244879856494600,1.6810967650801100,0.00046900999839754700,0.23060984793110800,3.2037973821054500,0.08369612715115130,0.3178313541772090,-0.18829801499234900,0.564290678579333,0.713721837920738
15,강서구,11500,2.418214507754650,2.55669588383901,2.5824226778880800,2.232703983065900,1.0709771517783000,2.5338931052174100,0.3886687365314350,0.9354252979194530,1.173661526767870,-0.10072596982752900,3.8925581361035400,-0.03008454091674450,1.8444186553135800,0.9674389246866490
16,구로구,11530,1.1473870167301300,1.445536248517670,1.0955634312584700,0.982723419752795,-0.01644578900384180,0.5054977987768770,-0.12621170297527400,-0.03287073992858080,2.745376849241230,-0.07531685295059460,1.8450174337902500,0.04013162117300300,0.7457438296856870,0.7720889114617520
17,금천구,11545,0.6525096989595480,0.23944918356635600,0.3880301680004560,0.5100383334909610,-0.22028776776317300,0.3936989681417340,0.16981149190912300,-0.14381962556707200,-0.09414379271762660,-0.08875926457667320,0.03087568976197130,-0.23365932722731600,0.09157246653588510,0.5364811359830610
18,영등포구,11560,2.5823855659752900,1.7429543055657000,2.017564097967840,2.0060143989351800,2.266283841594330,0.7273108941105220,1.1629699124689600,0.7659212414664020,0.38798667233909000,-0.10716813979043100,2.102385128180990,0.0009961339016602180,1.4853299843782600,0.9312717836274550
19,동작구,11590,1.2339641780869200,2.8028480439015900,1.0894260662212700,0.4750100354330380,-0.3592988672575290,0.6652450329868150,-0.2368437706486890,0.40265872105790600,0.672779736484915,-0.1242810901163020,0.9764773043582160,0.06415070853266650,0.7135354053521420,0.7622427437792000
20,관악구,11620,1.6723934734254800,4.15521353542848,2.0089586200045200,0.9608778534867460,0.3494278939935610,1.1390336190915700,0.2805483996079620,1.000877202374030,0.33906757054531000,-0.11459161703837900,2.2630106353147500,0.07719587095644740,1.489774721735710,0.9318582600825920
21,서초구,11650,3.368881668610950,2.6758810045809000,2.2007486139858300,2.0295200397573700,0.9844959176110060,1.434578119035870,0.4698518317113430,0.8223961740224990,2.904332797517670,1.0402310214219000,2.992465356893260,0.9863601156444660,1.7663406535443300,0.9613306424639690
22,강남구,11680,6.441293041459490,3.6363632808182900,7.069918282914040,3.385161811336880,4.240431578277210,3.727709308334860,5.565539249390490,7.612757208694250,12.816070059656900,14.903308855182700,5.848146115700340,4.49602964513849,7.563149607246770,0.9999999999999800
23,송파구,11710,2.9755521073012600,2.32795769710486,3.2137930084600700,2.3261091532701000,1.34070995033899,2.9822056455692900,2.682403849665010,3.2184258182863400,2.841596603222860,-0.09989448044859620,2.8191756061515200,0.6198964302856060,2.947943802946150,0.998400523941418
24,강동구,11740,1.165547281094000,0.8573705004344010,1.512254922916490,0.877680812776599,0.06827476238905500,1.8107934499071000,-0.0014424746904907700,0.36020039974508500,1.0069705238852000,-0.10950904457346200,0.5701954499943620,-0.10028859050656300,0.6651545827733110,0.7470241869098120
25,중구,26110,-0.48610055564137800,-0.11558890082552500,-0.5025917277518080,-0.8349241083929780,-0.2710942960746430,-0.5875351673421850,-0.13335559090485400,0.062395880620761000,-0.41338607966399300,-0.10354254646247200,-0.7029545038930150,0.003055258889629350,-0.29702810333367400,0.3832225267413020
26,서구,26140,-0.5828259849545090,-0.7225974610744220,-0.6962155282713670,-0.804984772511517,-0.42696598715060600,-0.6229505991405030,-0.6236960813620190,-0.49725039856760500,-0.3771203111529590,-0.11123944138907900,-0.6486643886994060,-0.22450227728081800,-0.6278484454897410,0.26505161324314000
27,동구,26170,-0.49379391695979300,-0.3481471302156120,-0.6533987544000960,-0.8705867144144920,-0.28041647648718700,-0.7930025831739960,-0.6287933738657210,-0.5106963465606110,-0.39834938877426200,-0.09907797286027490,-0.6778865464173440,-0.23695392720806700,-0.5949678385738570,0.27593248463847000
28,영도구,26200,-0.6155857811561770,-0.6997980260698850,-0.6981173547452620,-0.8132126529535170,-0.48906044081557000,-0.7407766893805950,-0.5872501446365330,-0.4386854728256900,-0.3681984525914480,-0.11985397099063400,-0.7375103834855820,-0.23671167720948200,-0.6179779628002640,0.26829493263661400
29,부산진구,26230,0.4564177773075960,1.8639843093944500,0.952312080916051,0.194667663227741,0.2065029589760130,0.501553361253968,-0.30186304416238100,1.6810041505926800,0.17472181281997800,-0.09719401269089130,0.4779215262282050,1.240989089156740,0.9346437042171960,0.8250140260063810
30,동래구,26260,-0.1920408443028400,0.1255013875328980,-0.1201929373865790,-0.4252831926837940,0.3905897103391360,-0.17130628909772100,-0.4526672993240550,-0.2241990076067000,0.10833169820728000,-0.12298891067606900,-0.12188396055567800,-0.1296614028349460,-0.17415888853658500,0.43087029695488900
31,남구,26290,-0.24690926177865200,-0.1396700883163770,-0.17642384354750900,-0.11018436869068400,-0.34662167967633700,0.14444506469739100,-0.4414420335033290,-0.17290759957388900,-0.09295167074611540,-0.1238091637120430,-0.045236467855470100,-0.1494895652190960,-0.20265743656893000,0.4197013967327490
32,북구,26320,-0.31189045910101900,-0.21018853801637000,-0.13646172159410600,-0.4892335174701430,-0.38259107751985600,-0.2557947986857790,-0.240054681004801,-0.30137877347387500,-0.14957746439289900,-0.12432229004048400,-0.10223537856787800,-0.20480735239589,-0.2561077844274640,0.39893380564743000
33,해운대구,26350,0.4725985630440800,0.4640132697856440,0.5619653386321260,0.384798152748405,2.96919281263676,0.7392933347519490,-0.13521687051114500,1.1187581832642000,0.33578945670766300,-0.1141945995871770,0.6885705279459300,-0.23471311472115900,0.7697763802739320,0.7792837235096010
34,사하구,26380,-0.29679159470771600,0.0003456115617225770,-0.20800558162183300,-0.28889489845543300,-0.45375172339607300,-0.2656509215572940,-0.4369590149514060,-0.362673859509282,-0.1611507972129800,-0.1253972335168520,-0.03133738465658020,-0.20496481489497,-0.27814365304693900,0.39045104350704700
35,금정구,26410,-0.21253203736263500,-0.09343559514810590,-0.10820695057315200,-0.6991822041846580,-0.48619160752523600,-0.22214404908107400,-0.094008834039298,-0.18513418164751500,-0.1373655264572250,-0.12353574603338500,-0.11727829439361200,-0.22618591477098100,-0.20619732640711500,0.41831838809703800
36,강서구,26440,-0.3186995058844290,-0.7051740321948660,-0.5418556209681700,0.09508131294406650,-0.4261654298844980,-0.3712820636523630,0.6392637147656590,-0.4462199348415410,-0.22863598000099500,-0.1261163594661990,-0.20613678033171900,-0.21108162735923100,-0.28397759148758800,0.38821377670413800
37,연제구,26470,-0.3282905849123400,-0.25600488570140000,-0.3396583036598730,-0.3943821251089650,-0.42245190343128200,-0.2434072267801840,-0.5518215991436810,-0.45875257776093100,-0.16720757453069100,-0.12371552752072200,0.18264318572622700,-0.12355670287061400,-0.34958413689868200,0.3633254087914430
38,수영구,26500,-0.2261779785977170,0.0374502448069755,-0.42482937047447700,-0.46987202201007800,-0.17723557700806200,-0.09600158332009120,-0.5700578570871110,0.4505078591003070,-0.234127274926272,-0.12336345544135400,-0.20153825197075700,-0.22872953975612000,-0.09595561774679670,0.4617779108753270
39,사상구,26530,-0.396811365281197,-0.14317704716828000,-0.43422049235318300,-0.4870611637205520,-0.36153282264810900,-0.46506870857325100,-0.3244929851431130,-0.41808550498368000,-0.24609679995547200,-0.1256968693290800,-0.13796364199170300,-0.20185190241315800,-0.36507199495763900,0.35752883254564000
40,기장군,26710,-0.18177044194266300,-0.5261237160244960,-0.3927744977473540,0.03822557170476830,1.1446861364328900,-0.21333430818633500,-0.41494408623249000,-0.41434327097710200,-0.22858368617473500,-0.12568563298612100,0.1184939827583370,-0.23735363970573200,-0.25051658440867200,0.4010939405031890
41,중구,27110,-0.029496698276245300,0.2592837779836940,0.12239128500739600,-0.3365682767932340,-0.3128434593542160,-0.24636120535357900,0.30439950539186900,1.6223892308480700,-0.13872295009987900,-0.1057336333393890,-0.08853436934961120,0.22689425758180300,0.5458303134815090,0.7074087080464190
42,동구,27140,-0.04487588289033170,-0.3277882780190350,-0.1369296659706910,-0.6438343035902370,0.07135544798390610,-0.04269823920143500,0.04856769405672410,-0.26500021063508400,-0.09127206395354010,-0.12647966788852500,0.4187562928808700,-0.22255216479221200,-0.13420864358613200,0.4466187955781820
43,서구,27170,-0.5754708821648410,-0.5535395612133530,-0.5380530607101100,-0.718233190793975,-0.46645403448773700,-0.492955658168109,-0.29877100172241800,-0.4985880429811650,-0.34511161463387300,-0.1261987593145620,-0.4460471976734520,-0.23437396472314100,-0.5095015628664710,0.30520035156375500
44,남구,27200,-0.49779034924882000,-0.6558811935449020,-0.5543920502327460,-0.6642553954009090,-0.5301984916782670,-0.2971915089332970,-0.6502316824448060,-0.4845799672993250,-0.34947283111032000,-0.12634483177302300,-0.5074358560645430,-0.20658788988548700,-0.570143934235511,0.28429003944998700
45,북구,27230,0.23661411407173300,-0.01910340649292880,0.42195080844040600,-0.23237987120800600,-0.2870776018311350,0.625169348916629,-0.10904673289726500,0.11881106424680900,0.23459469854306800,-0.12478672554943700,1.0223448142496400,-0.22469607727968600,0.2101941728732510,0.583241936323718
46,수성구,27260,0.22124842825381000,-0.21874581178771400,0.27706779915966700,-0.014835195603792700,0.16913343468405100,0.756605861258454,0.03520428236538430,-0.13489508640312800,0.717645623575557,-0.12375672744490300,1.5502530149677200,-0.22791800226086100,0.23361608371163500,0.592358479884134
47,달서구,27290,0.3807645116251010,0.329424005638544,0.623286539897128,0.794000489808479,-0.05684507285591510,1.205498758359930,0.9612274328420580,0.12589314150656900,0.519478168964799,-0.11947942622534900,1.9782980248963000,-0.22965008975074100,0.6469995385716010,0.7411838789432710
48,달성군,27710,-0.2833156174501240,-0.6151498311334520,-0.36315714263392800,-0.3660642012030050,-0.5139727779964150,-0.24651530436203500,-0.41340987797312000,-0.41307513042094600,-0.10090343451370900,-0.12681675817728200,-0.15687703046583700,-0.2372567397062980,-0.3950277320938260,0.34641121082192900
49,중구,28110,0.4262063448872520,0.1558200869182230,0.006604144666761300,1.1686614356855400,1.8589502551946700,-0.34350074644233400,0.33448933099853000,0.18446172534624200,-0.22802086279041600,-0.11604485072768500,-0.18239466941103200,-0.18828590249242000,0.25650123152847400,0.6012180851898720
50,동구,28140,-0.6713139531418040,-0.7952013851066570,-0.7234956200537610,-0.845547860628882,-0.6227609734072750,-0.7200342172019960,-0.5848078150301820,-0.5191087520384160,-0.39639501780981400,-0.125764287386831,-0.7874446555557500,-0.19508101495271800,-0.6739278861835290,0.25017858104725600
51,미추홀구,28177,0.4141970149053760,1.21806825748512,0.7404922646788630,0.6873884236995140,-0.03856805849474970,1.1717200071594900,0.2960314994189610,-0.0774641709662367,-0.03598109238043330,-0.11589128737391800,0.3510792317175500,-0.20159753991464400,0.34467170808289100,0.6348294050491000
52,연수구,28185,0.7447073780408840,0.2613734547831060,0.6646027775976000,2.495238612270520,0.3580771717337450,0.8565713793248700,0.7416658404433080,0.36235501932463,0.5705222614103990,-0.12549836060347900,0.5408733630609740,-0.23651787721061500,0.658132431841612,0.7447734811953960
53,남동구,28200,1.1038835204685100,1.8235387147504400,1.648102480825420,2.3197334520817800,0.1961928134895200,2.1995032278027000,0.20112469724907400,0.9576006865293030,0.5024569716853180,-0.11991015270542600,1.0258958702986500,1.2007634768917700,1.1397734078985000,0.8728096424408250
54,부평구,28237,0.8805650185651640,2.6364334958893500,1.5257149481747800,1.9087828414534900,0.578560420618404,1.5003324144910200,1.8067806956357200,1.0755023966401000,0.32457907849526600,-0.07429809118901940,0.47923666608153500,-0.08375502810316350,1.3439367847228800,0.9105155851650750
55,계양구,28245,0.02433952217760990,0.3908577719375760,0.27348951346855100,0.7368994828232590,-0.17734489822930300,0.35182256259369800,-0.27443482624341600,-0.2424443798583870,-0.03622926647115690,-0.12629988640118900,0.10959314478220900,-0.19917503992879800,0.02180669148499260,0.5086989217879230
56,서구,28260,0.8788150297144400,1.0952311927740300,1.3721985973426200,1.8920020732510000,-0.034792062772253100,2.6157718735332200,2.9006165496239800,0.26519594286841000,0.5206880176570760,-0.12257691143425600,1.626673882482890,-0.2350886022189660,1.1908440353262700,0.8831425909282640
57,강화군,28710,-0.5678045491643890,-0.7669040724292600,-0.7491465114497270,-0.4324853065332440,-0.34084259325408000,-0.6411168838632140,-0.4940621282355650,-0.4954213496885350,-0.41583679880988700,-0.12656955863219400,-0.7717218641749030,-0.23735363970573200,-0.6111451603436150,0.27055174239551000
58,옹진군,28720,-0.7472621337222700,-0.8214815135432960,-0.8410258736851060,-0.7370111229275370,-0.4670067517181120,-0.8421763224128070,-0.6207561307899240,-0.5232936158737290,-0.4375515885801770,-0.0974299758930209,-0.8305284230167840,-0.23735363970573200,-0.6949961340103680,0.2435288621692940
59,동구,29110,-0.3365367721188520,-0.3227316593988410,-0.12183661591192000,-0.5721345477972810,-0.3745047022169950,-0.5835609042047360,-0.10680300869118900,0.43546819985067100,-0.24284882154312700,-0.11596245087932300,-0.5109547920085940,0.015313108818010300,-0.06961736125082360,0.47224910909366900
60,서구,29140,0.07852170305301560,0.7409243376694200,0.4165889799385950,-0.028742850782626500,0.03288795838295720,0.0737347462928535,0.6766783142612580,-0.20133101915464300,0.013667463972866300,-0.12236716636569600,0.44420969161613300,0.01905587129614240,0.21687585730924700,0.585847453550165
61,남구,29155,-0.39904288630219400,-0.529199921991653,-0.22092390594680900,-0.6037182515614980,-0.5721350627656810,-0.3397079224600030,-0.4897297249314340,-0.41808550498368000,0.036437879964769300,-0.11934833555749900,-0.19150785696999100,-0.18906110248789100,-0.38998647259464800,0.3482732749334630
62,북구,29170,0.18196473965627400,0.047409041378931,0.5526168316528630,0.37013778545277700,-0.16808858215502300,0.18400377144888500,0.1484411078535530,-0.140522460121068,0.1173816323263250,-0.12612759580915700,0.25719394935226600,-0.20297836490657600,0.1355165536617770,0.5538982614718840
63,광산구,29200,0.2207311621686560,0.42540100144378200,0.7329409591319120,0.4964049409935270,-0.01970369719958700,0.39858912619234800,0.5280114666601600,0.061289915731883100,0.26774898439165500,-0.12486912539780000,1.2755815062517000,-0.0889876280725909,0.4741584947280700,0.6823065558007000
64,동구,30110,-0.303929672087139,-0.3448177256015680,-0.13781283244442000,-0.1730158950498250,-0.4083005768978260,-0.3536986211471200,-0.40401266780696700,-0.3248283994694770,-0.20264594834997300,-0.1259740324553910,-0.511142159287562,-0.1881526649931990,-0.33066774182829700,0.370447735556389
65,중구,30140,-0.11938479273692000,-0.06671735950917770,-0.0047303258955542500,-0.23383092618757200,-0.2467645527312200,-0.23910985281855200,-0.27072481830148300,0.216718831377528,-0.20156683422334500,-0.12184280369429700,-0.49611173461375900,-0.19311878996418300,-0.08294487819466800,0.4669476846607260
66,서구,30170,0.5789641811936230,0.9631098274714790,1.2480791514710000,0.7409904671370050,-0.1780476775087110,0.9724389208768380,-0.16043311155567700,0.5346002103644480,0.8246529734793130,-0.12067796947426100,1.1702989399743200,-0.11542921541810000,0.7051031700110420,0.7596269830351440
67,유성구,30200,0.5033811645573230,0.4498089307569660,0.599356907997285,0.5348645430830620,0.32033622689508200,0.5706605528769830,0.6795894707418630,0.1533264359607870,0.14301712956202800,-0.1242211629538570,-0.04018647357470770,-0.13541484030133000,0.34216590837321300,0.6338869801768040
68,대덕구,30230,-0.3599704876628150,-0.35823095018582300,-0.37602301785189700,-0.34329677402987100,-0.37525161739317700,-0.37882794413097100,-0.43718050796286400,-0.44650892456443400,-0.31459284899516600,-0.1267306128812660,-0.5807018154919430,-0.23269032723297800,-0.44700638549219000,0.3274352247086020
69,중구,31110,-0.37705180082833100,-0.298174542501184,-0.26487216003279900,-0.5500739209264340,-0.5135334560700610,-0.17724655732692900,-0.5900055176990790,-0.2403434123792950,-0.19001122812403000,-0.12670814019534900,-0.3570245423099620,-0.22854785225718100,-0.3607744747626370,0.3591340228494920
70,남구,31140,0.27971632328291300,1.2879174642885700,0.6388868711627390,0.1381695508593430,0.242006553355114,0.42549555870920400,0.02442052594749990,0.24538002731256100,0.27611954193734400,0.23315821573813000,0.35723023181853500,-0.1960863524468440,0.40928414820338100,0.6588344264035420
71,동구,31170,-0.43219485428223200,-0.3328102262850910,-0.3550010333217950,-0.4833290164833520,1.586900661560230,-0.3989478066060490,-0.49074342461387600,-0.4047419837279010,-0.27663993983523200,-0.12636730445894000,-0.5059458400841770,-0.23615450221273800,-0.33410226534516100,0.36915119535105300
72,북구,31200,-0.36707243169408600,-0.5473661369431970,-0.37917269599668300,-0.19692024373484200,-0.37376729323396500,-0.35364642632167500,0.6350745436089380,-0.405504087427514,-0.1444411470509610,-0.10758013903224400,-0.3129165003905680,-0.22921403975328900,-0.2545245315701490,0.3995451772605080
73,울주군,31710,-0.20237333293186500,-0.3930536437587170,-0.3334999043453820,-0.3330246096366430,-0.32323440748249600,-0.40269216396475300,-0.22382219650503300,-0.46465796690849000,-0.17759543289954800,-0.12650588602209500,-0.43766028137677900,-0.23723251470643900,-0.39095920965738300,0.3479136934800570
74,세종,36110,0.23837911751667200,-0.19707263798426800,0.33268106245109400,0.5398048959651960,-0.44336077526779300,-0.004331314297600370,-0.2529751066732230,-0.03603743322121140,0.4194821802920020,-0.1238615999791830,0.5429647387843150,-0.22445382728110100,0.10459947731141900,0.5416531852616750
75,수원시,41111,0.060957423854206300,0.13250584968557500,0.222186364814457,0.6248045794975840,-0.4320524795004030,0.1958147148067070,-0.21733688112952300,-0.2663329775849660,0.14847651638992600,-0.1256444330619400,0.5079716688741560,-0.20554621489157300,0.029934460761878500,0.5119403387785480
76,수원시,41113,0.14456637609497400,-0.04899135299350800,0.35718080521721300,0.4810208585165840,-0.14593983112605000,0.8126494337129690,-0.05438890245960940,-0.30305905971078100,0.048571820329073300,-0.12177538563654600,0.2716961767444070,-0.20610338988831800,0.018647418484892500,0.5074388125397750
77,수원시,41115,0.47452904452362700,2.293292596050780,0.5891039270945720,1.0496990914740600,0.4476614989511770,0.386684977789088,-0.24789553361043800,2.030943878966030,-0.004130163676164010,-0.0683315930780294,1.0195592873689700,0.06828107100853400,1.1599219749930900,0.8769597125708660
78,수원시,41117,0.8863149833949570,0.4805751928957090,1.0635989786064500,2.1952278603713400,-0.3460730365287420,1.0221868031955400,-0.3448865850181510,0.6543114594996060,1.0791156183945700,-0.12512381583819400,0.642105227212088,-0.1969342274418900,0.685846440602073,0.7535950262513950
79,성남시,41131,0.3045409064418850,0.15690642468121500,0.2856593453289380,0.6068349369404830,-0.26769175794023800,0.5254225520235060,0.12292215969336100,-0.22796928702942400,0.19523029924214300,-0.12591785074059800,-0.11228540252167800,-0.20709661488251500,0.0293691633158601,0.5117149168499700
80,성남시,41133,-0.03511227941524870,0.6084730786941660,0.19099826821512300,0.1286996350143520,-0.16018486156342800,0.04037852463173130,-0.335266405220463,0.005110069728275850,-0.12118457574205100,-0.12648341333617800,-0.09283132561394900,-0.1786080150489650,0.021630648139645600,0.5086287072164530
81,성남시,41135,2.8274654587382700,1.4101651329793200,2.7420318666509700,1.1414925153479100,0.17702764908249500,2.2906838596531600,0.9197462216560780,1.2143076967068300,2.958800806079220,-0.11213085793045700,3.0811061398977100,2.318928907858660,1.7930311966926300,0.9635160320467000
82,의정부시,41150,0.8899161303744800,1.4020816873811900,1.540994301832400,1.9498872056997800,0.040605629194303400,2.423764508996500,0.5113825096698820,0.8872932669837560,0.3613097302583870,-0.12481294368300700,0.6564843275351920,0.2884742072220100,1.0112506800703700,0.8440517675376090
83,안양시,41171,0.04162128939358820,0.6271971711622950,0.29233048929891500,0.07794291587067950,-0.14066796800980100,0.29494387293206500,-0.3182845360319270,0.17637123247115400,-0.04424085792133540,-0.1223334573368200,-0.27728459728164100,-0.14418429025009300,0.07755149097797600,0.5309075846522630
84,안양시,41173,0.9010253938118670,0.9746203850453100,1.1481261779980500,1.5332821926532000,-0.19512080040863000,1.3023698689178200,0.35737546556251600,0.8178284292885010,1.3000570343413800,-0.12531108822083600,0.8295938487990650,-0.17585847756503000,0.8821344746231510,0.8111479544162380
85,부천시,41190,2.2764689852616300,3.873797422740340,3.5218328968823900,3.6309905810890000,0.39594577116615500,3.663031220471020,0.6040190084723180,1.4216242903198700,1.1795640816149200,0.058867554660408700,1.878579374579140,0.016282108812348700,2.1370696750652100,0.9837038374982360
86,광명시,41210,0.324104891978563,0.45988959887680100,0.47337579199932,0.6935212755531980,-0.17840959186226000,0.43333596713139500,-0.1688018558386230,0.08428106014179810,0.262966758297016,-0.12507887046635900,0.27358590958657200,-0.2132982148462800,0.21850604452784500,0.5864825753755540
87,평택시,41220,1.2737489403593400,1.6390178369438000,1.758149722017890,2.3089695479910600,0.3613554503433860,2.0802479935325700,1.3714974613468800,0.5808909987618810,0.23745091642648400,-0.1252773791919610,1.1890999080810700,-0.12708144035002000,1.1926349609995500,0.8834938162319190
88,동두천시,41250,-0.5661561495087660,-0.3828437497734590,-0.486390690307499,-0.5475874337091600,-0.4984871893527790,-0.4516459392963320,-0.6391732746927130,-0.35087161677560000,-0.383183292822939,-0.12678304914840600,-0.634424475497821,-0.2353308522175500,-0.49748023100980200,0.3094252201504500
89,안산시,41271,0.26415001954446800,0.6073573236609960,0.5743037178832610,0.34713596638452600,-0.15224922732339600,0.44779020557782100,0.36235684339022100,-0.19969097199307600,-0.10815454964302700,-0.12257691143425600,-0.1658314019502420,-0.06949861568645950,0.12843135900320300,0.5510961921254960
90,안산시,41273,0.6337388752371970,1.3541462456265700,0.9686852169927290,1.8928478172024500,0.3073086681948810,1.4263002682670900,0.5004245120829830,1.0443817396456800,0.3003156294468500,-0.12229225741263900,1.5451262893251000,-0.13044871533034600,1.0687192887878700,0.8574019113559500
91,고양시,41281,1.1620321454120300,0.9293293457563100,1.1552095391684100,1.465211886617620,-0.21079515488770100,2.4728736260704800,-0.018314335683335800,0.24057938368796100,0.6127340152343570,-0.122093748687038,1.522328152600360,0.5294160558142570,0.6952866914106310,0.7565621735383450
92,고양시,41285,0.9625474580451510,0.5837279013907300,1.2446546618592800,1.496616775946390,-0.05217209990820400,2.1728068173215600,0.032933240687894800,0.8147373366828720,0.7909655565036900,-0.11325074677865900,2.1314288408713400,0.26195994487692500,0.9754616462460280,0.8353343411648290
93,고양시,41287,0.3059850625519150,-0.26279081956132900,0.6337403025376050,1.5498080294646000,-0.2952597180793060,0.9286648606036980,0.5295286937886520,-0.22650117046249000,0.6461861099918120,-0.1259365779788620,1.5285077039057600,-0.2018155649133700,0.4197123258791810,0.6626521901868870
94,과천시,41290,-0.37599513595809200,-0.6503686072369530,-0.638765726717373,-0.6471230393557470,-0.6493436845275800,-0.7266791155747100,-0.6147632682098910,-0.45460185617136100,-0.30907540715675900,-0.12681675817728200,-0.6322742129153760,-0.23735363970573200,-0.5907587402667360,0.27734104194542800
95,구리시,41310,-0.06804307402415790,0.2242824795561490,0.22836798378569600,0.07446811643584970,-0.17237383822491600,0.04939207389249360,1.362013130596220,0.06733309322833170,-0.034790743080998700,-0.1265733040798470,-0.4497570697970220,-0.23006191474833500,0.19211332585642400,0.576173281593531
96,남양주시,41360,1.5961724696794600,1.206696381327840,2.059443344051340,2.3379797737315700,0.09639951384127740,3.7024594401589000,1.5210015525312900,0.5314676593175600,0.7907754374234750,-0.12196640346684100,2.1170194048935400,0.15159084552177900,1.3551820653923400,0.9123202213609770
97,오산시,41370,-0.03453404342602780,0.18723773146804400,0.13081100571673100,-0.21545170191683800,-0.22910408289730300,0.09205885822583840,0.3944962176629130,-0.20164073809816500,-0.07542127341263200,-0.12669690385239100,0.41295326058368300,0.46033846871785700,0.04280381014856010,0.5170710366421490
98,시흥시,41390,1.1096168012778600,1.0480217272227200,1.382241781817300,2.2245945067771100,0.20050115602849500,1.8065954946606000,0.9691849384337300,0.34235863761271300,0.20396735673966900,-0.12385410908387700,1.5376690716221600,-0.2214014772989350,0.9704239981856800,0.8340824042784460
99,군포시,41410,0.16129866651720000,0.2248960397627140,0.40549872553078400,0.16370980998760000,-0.34898057360547800,0.22459891830564200,-0.17264845113762200,-0.031228254035175600,-0.0049863642891601900,-0.11934084466219300,0.08845276236376640,0.03313059621390790,0.06334224741045460,0.5252530126404310
100,의왕시,41430,-0.24619504436556100,-0.6160186912204870,-0.3631809086355410,-0.5361868052435640,-0.4535969082504650,-0.48513140528712700,-0.3531268633544520,-0.45348125889145000,-0.21540741462939200,-0.12674934011953100,-0.4045498065076810,-0.18138177753275900,-0.44770130002648200,0.32718439165665600
101,하남시,41450,0.26268328009184200,0.050111227768114400,0.2952548001870280,0.9726771898151700,-0.44706479552785800,1.9829294987565700,0.3802460956157000,0.049362078308505200,0.11939716047741600,-0.126438467964344,1.4625115949023200,-0.2194755898101880,0.3659427359919260,0.6427960969541150
102,용인시,41461,0.06880804922048860,-0.004391619553684890,0.03730954557816480,0.31655507330560500,0.11330288329206500,1.2632834010632100,0.07265505905285440,0.11812456123419700,0.009565943955640800,-0.10673366786270000,-0.12165733537064000,-0.21186893985463100,0.06218801959946750,0.5247934485007050
103,용인시,41463,0.9907036629030430,0.6263009950386660,0.9261681132797260,1.2091423658190500,-0.30924061214983400,1.2562333714263300,0.5601501026228130,0.5439283596477070,0.8294307678937600,-0.09959484463636820,2.051371263693910,-0.2328720147319160,0.8567560719430650,0.804210146243594
104,용인시,41465,0.46761218148284800,0.38605750381464500,0.7422812709382040,0.2756585204302380,-0.41383114427055300,0.8142873570447880,0.07374775790938380,0.19773208464685800,1.1222154809289000,-0.12592534163590400,0.6544304252676450,-0.16974166510076900,0.38112591121656100,0.6484450892689400
105,파주시,41480,1.0538330158907400,1.0055621001883300,1.211267527179680,1.981663014161540,-0.04163516381367030,1.7445781001605200,0.25633773683545300,0.47708393931320000,0.5400549032619140,2.1192607811791000,2.9423026751877800,-0.08446966559898810,1.1822062552670200,0.8814380643820170
106,이천시,41500,0.16308943852901900,0.40824127737903400,0.04005847976472080,0.00901961664978172,0.01761693809902480,0.2128824227271960,2.0344969224063400,-0.08680695264052830,-0.18681421403388800,0.3977406764996640,-0.09442662416059260,-0.23735363970573200,0.2830952931057840,0.6114481051832390
107,안성시,41550,-0.09208474748940990,-0.3800764251431680,-0.34719977499926000,0.990269872211052,-0.30532270254386300,0.1372981018132540,-0.1880289258533120,-0.23641339602113200,-0.30793912435566000,-0.1261538139427270,0.09812983620990580,-0.23735363970573200,-0.15141992850303500,0.43982223501900300
108,김포시,41570,0.9931042261324440,0.6547411915997840,1.315812802412560,1.9154424709683600,-0.04966110688864050,2.431819910390170,1.4201934382261000,0.6097863129534360,0.6018941254859680,-0.1250826159140120,1.143257380493520,-0.171183052592347,1.0025783847438500,0.8419678353750920
109,화성시,41590,2.426417474232930,1.9870756233692200,2.488867129607920,3.994197737452080,0.840378634366753,3.108382907880570,2.0374287515680100,1.584647416911410,1.8209420995046800,-0.08238451267152250,2.4363432128631100,-0.16064517765391700,2.1655967746674500,0.9848289934628830
110,광주시,41610,0.35699637825691400,-0.0761949735903688,0.309125949955978,0.5156431994778090,-0.2123229359298910,1.1772874552069500,0.859466160277563,-0.17226621310029500,0.0035964707377016100,-0.09840753773041470,1.13402106586552,-0.23506437721910700,0.28019819114290500,0.6103372728152930
111,양주시,41630,-0.04875092843267620,-0.2142397163665610,-0.028501244612212300,0.787458056241162,-0.3439762419250610,0.418636910098954,-0.3364181688800480,-0.20836310241170900,-0.15421831988942900,-0.12681675817728200,-0.1623428016608820,-0.23735363970573200,-0.12998185069672500,0.44829039295368200
112,포천시,41650,-0.3042048099172860,-0.42271255579862700,-0.47188550732310700,0.14899265702666100,0.30896070876183500,-0.24631522419782900,0.3559232097173850,-0.4238214022684440,-0.316004339136156,-0.1258242145492770,-0.5239812790225750,-0.11937789039502900,-0.2814112098117590,0.3891975106003840
113,여주시,41670,-0.45645059325477600,-0.6191211626074460,-0.5561316122818350,-0.678345489632128,-0.2912562527349730,-0.574037834028916,-0.012621965288848000,-0.465627362814397,-0.390997231336577,-0.12664821303290400,-0.5841975535824080,-0.23735363970573200,-0.4788167043606420,0.3160345160062780
114,여주시,41730,-0.8046848245434310,-0.8708626040037930,-0.8478415258717870,-0.954515927745468,-0.6564006749149040,-0.8817226018249090,-0.7095002590709930,-0.5233936038791180,-0.43800760847188200,-0.12681675817728200,-0.8327215124058500,-0.23735363970573200,-0.739704122670432,0.2297397730023950
115,연천군,41800,-0.7088103007568940,-0.8008127293930600,-0.7651090693606100,-0.7478438947400140,-0.5517218710006360,-0.7993256134564660,-0.5788570361223260,-0.5035667140299950,-0.4236414307951230,-0.12681675817728200,-0.7385382268444930,-0.2364573147109690,-0.6607969968278450,0.25437125451143600
116,가평군,41820,-0.27415181936086200,-0.7463697672284090,-0.740525735830197,0.13142534694932200,1.1743957060862100,-0.7290440382609400,-0.586966633581866,-0.491251118244254,-0.3801511372359200,0.18510412235206400,-0.7968201573052640,-0.23735363970573200,-0.48420273669853100,0.3141209974349310
117,양평군,41830,-0.3575180288339000,-0.7299664872539450,-0.6466650539431150,-0.6490513355650610,0.05408609009678940,-0.429337622354385,-0.5988142947647900,-0.47806001772839800,-0.38720770160483300,-0.12517625210533400,-0.7132222307804730,-0.12542202785971500,-0.5833531893456170,0.27982778155767800
118,춘천시,42110,0.7813116272931360,1.6626535629148200,0.9717075967840490,1.3564431734324500,0.6575684289411040,1.202030287935720,1.3647470926676500,0.6529165048878350,0.07215057478790440,-0.12519123389594500,2.7380098853527700,0.09294212086444660,1.2041123172942300,0.8857269150990390
119,원주시,42130,0.6607485529808910,1.006604312046050,1.1199711149149000,0.9088223132747700,0.2234993533169250,1.4496388116446100,0.8110765820641870,0.46544996907639300,0.22622369782935900,-0.07861659233275540,0.7328159725365670,-0.2242479147823050,0.7378949287064700,0.7697108495429200
120,강릉시,42150,0.33109021173676000,0.48185589476523200,0.142549498306465,0.1702667420226570,2.2686705750891300,0.02452745323768440,1.105756790989110,0.08148871218641720,-0.160016730251977,-0.12311625589626600,0.08232317566609180,-0.20112515241740400,0.36191277633364800,0.6412913939497560
121,동해시,42170,-0.5213784406308490,-0.3590430769660870,-0.49765768727902900,-0.5559264690704930,-0.12516200895226900,-0.6014575156626480,-0.17245870545780600,-0.3536310418511580,-0.36632916988667700,-0.12340840081318800,-0.2905787518370050,-0.23735363970573200,-0.3733094181772740,0.35445908380469400
122,태백시,42190,-0.7036101711866100,-0.6455756934315660,-0.6976518689205690,-0.7440622110713710,-0.526876756185648,-0.7554745036790970,-0.42061209239571800,-0.48112672301564000,-0.38883013972293800,-0.12450581697547300,-0.6760985272409040,-0.23735363970573200,-0.5953258194003420,0.2758128501677170
123,속초시,42210,-0.17328537315670100,-0.32654749958761000,-0.4345788945844030,-0.29325289621671000,1.1363797606599500,-0.3260552474043380,0.01435440688674160,-0.32008018857941000,-0.363226550584614,-0.031011952665032200,-0.25152962644975300,-0.13107856532666600,-0.2295091089301730,0.40923662083055300
124,삼척시,42230,-0.6123904174118530,-0.5151941495366750,-0.6466683320123030,-0.6627838009253800,0.6991790734061850,-0.7475123073308680,-0.26652531080422700,-0.4308303175730420,-0.41394845988029300,-0.06113658813690460,-0.69314538072646,-0.20948277736857300,-0.47010383482935000,0.3191404172570230
125,홍천군,42720,-0.47598796014864100,-0.6098337101656180,-0.5490752951822700,0.09556097058510520,5.857784725436080,-0.5635764997290270,-0.1410605944634630,-0.4620912016481940,-0.40348836512431500,-0.12675683101483600,-0.6829793675047270,-0.23735363970573200,-0.13860480402784900,0.44488122344612000
126,횡성군,42730,-0.6987179944259170,-0.7800830094688850,-0.7866451644083610,-0.48632174186585300,0.3069311365240110,-0.7810139288628730,-0.5795975610906360,-0.5186917288939880,-0.4256463229137540,-0.12674184922422500,-0.7446160644841670,-0.23735363970573200,-0.6064844409722330,0.27209655556044600
127,영월군,42750,-0.7028732987377730,-0.7952507640958840,-0.7608940187297290,-0.7888890569097080,-0.3730305632647310,-0.7917387227578650,-0.620604038922056,-0.49634806778726400,-0.41951243436071100,-0.11883520922905900,-0.8013009119480180,-0.23735363970573200,-0.6642147654179870,0.25327643222834100
128,평창군,42760,-0.646560049187934,-0.75629599467981,-0.8016543505304050,-0.367335233541475,4.599648889027240,-0.8763552339416570,2.16889519020927,-0.5194501744958420,-0.42635184640024000,-0.12187651272317300,-0.7711169355313770,-0.2359728147137990,-0.02569684571929860,0.4897495698894960
129,정선군,42770,-0.6960289277146300,-0.6822117515875600,-0.7759182293355510,-0.8536065922805910,1.0278461954227900,-0.8719447711915610,-0.6379978851119050,-0.49022197340829700,-0.43404125470049700,-0.12503392509452500,-0.8189384184748930,-0.2092163023701300,-0.5954845300221390,0.27575981844054100
130,철원군,42780,-0.7017858160544420,-0.7501887592675540,-0.743770204809003,-0.8136029033768300,-0.5060093041907250,-0.8253372775371240,-0.5788562978122880,-0.5065127020912180,-0.4241049845431530,-0.12674934011953100,-0.7289949867690460,-0.23735363970573200,-0.6547336544812660,0.25631962655857600
131,화천군,42790,-0.7315450797708280,-0.7967583991924930,-0.77317803666683,-0.803798314568192,-0.5991971576263360,-0.8578993922111200,-0.6589865628777290,-0.5074455170195430,-0.427265215687706,-0.12681675817728200,-0.7548463179158320,-0.23462832722165500,-0.6826019806487120,0.2474291910990600
132,양구군,42800,-0.7548782917588340,-0.7811399299617000,-0.8036935827377630,-0.8995498201348460,-0.6049538365933070,-0.8665102956755930,-0.697328479781301,-0.5077625521585820,-0.42809172404341900,-0.12681675817728200,-0.6932149742872200,-0.23735363970573200,-0.6916716146376150,0.2445717883641190
133,인제군,42810,-0.6676178741883520,-0.7959988032518320,-0.7749432769245590,-0.8412055695409900,-0.4984980535735240,-0.8720031796867010,-0.6739380794612270,-0.5228448892153970,-0.43046355928190500,-0.12678304914840600,-0.7164306723765200,-0.23735363970573200,-0.682646827630767,0.24741501822692100
134,고성군,42820,-0.6918911882247930,-0.8167390293439280,-0.8142088091755150,-0.891588953140377,1.4326036034784200,-0.86574104336725,-0.5140120037776480,-0.5177418428427900,-0.4274664139684000,1.7496600067958600,-0.8146610911635900,-0.23735363970573200,-0.4809084923938030,0.31529076837853100
135,양양군,42830,-0.6275656862204670,-0.6878094378556660,-0.7931007753292290,-0.02580328644850240,0.8177634008595650,-0.8318852426625840,-0.5279077370065260,-0.5102549360977960,-0.4178891099065670,-0.03237155016301680,-0.709078737239862,-0.2261738022710520,-0.5203115620761560,0.3014232192928550
136,청주시,43111,0.18911754485730800,0.22845763068780400,0.7935672097290620,1.1384768340581600,-0.19895654934522200,0.27356139277479500,0.8888250589464100,1.099386116903000,0.0332475133949145,-0.11847190080673200,0.09037996866172520,-0.02319252845701250,0.7256712199708840,0.7659798254717410
137,청주시,43112,0.11948728224961400,1.202252272297420,0.40004237936738700,0.7894564283778830,-0.576539146249967,0.5443680309260730,1.2848811425958900,0.14391780852684800,0.13612409419218200,-0.12656955863219400,-0.02374097983212600,-0.12278150287514300,0.4179278888854060,0.6620000794097820
138,청주시,43113,0.5288856958031630,0.7800755724256090,1.1087521962914600,1.5594035986966700,0.05556362411803610,0.7202459516663710,0.15301272361006000,0.09129851100783150,0.2230320017554470,-0.1264085043831210,0.5882380267338640,0.3625058067894650,0.5272692770180900,0.7009966969007160
139,청주시,43114,0.23363522267620200,0.6446836370493740,0.35474711201756800,1.3960336560056400,-0.02765155368795640,1.054740218731970,0.304733959839172,0.1669479726461840,-0.01196005623849140,-0.12474927107290900,1.2873499558211800,-0.16282542764117800,0.4785706387352300,0.6838779448614300
140,충주시,43130,-0.06809120061230040,0.18748357579738600,-0.06852838160450990,0.1923164950427000,0.11985061333199200,-0.019321171071806100,0.13393036236285700,-0.19374656313609700,-0.24786105183970400,-0.12589537805468100,0.15840142872829100,-0.2372567397062980,-0.021021445723582900,0.4916142741206080
141,제천시,43150,-0.3831730747295250,-0.33869578155422300,-0.3106482108635210,0.15133174315525300,-0.21215114543936900,-0.21493370676604000,0.32203108741401800,-0.2610958009612280,-0.3469574094336290,-0.12614257759976900,-0.5309424195488130,-0.03237380340336900,-0.22349537313688600,0.41157499188478500
142,청주시,43710,-0.7613492131579200,-0.863696346865138,-0.8472200585882320,-0.954515927745468,-0.6502549210425220,-0.8817226018249090,-0.6652806559533460,-0.5268139252829800,-0.43806477714635200,-0.12681675817728200,-0.8327215124058500,-0.23735363970573200,-0.7339967530981350,0.23147535848379600
143,보은군,43720,-0.751143918420817,-0.8344482259909250,-0.817347014078144,-0.7785178196535960,-0.573459818682709,-0.8606545333542490,-0.6812591617999750,-0.523525295398411,-0.43296214057386800,-0.12681675817728200,-0.8017488089672660,-0.23319905223000600,-0.705640078141963,0.24020599690931800
144,옥천군,43730,-0.6836699502348620,-0.8179714028410170,-0.7901622594746340,-0.9035103182389400,-0.5885794188900160,-0.7974639980155970,-0.6417167527742960,-0.5095038066914570,-0.4216724352860440,-0.1267006493000440,-0.7930924406789350,-0.23735363970573200,-0.697613607253218,0.24270943476934900
145,영동군,43740,-0.7389577828864620,-0.8141545120354550,-0.794152216021274,-0.9067978457988050,-0.6118994687180000,-0.8248737377778160,-0.6556176541734430,-0.5032130979133740,-0.43216621081147700,-0.12681675817728200,-0.8214312955103080,-0.2312247147415410,-0.7034814303096330,0.24087788765194400
146,증평군,43745,-0.6557431327348400,-0.7189938454776500,-0.654164729900355,-0.6630870605422580,-0.5874814535810280,-0.7082009046332690,-0.5589817298941010,-0.4784550922862770,-0.40267648131323400,-0.12670439474769600,-0.45262646584065000,-0.23735363970573200,-0.5789692149619580,0.2813049727942270
147,진천군,43750,-0.5560589373178790,-0.62495733888735,-0.5592119046288100,-0.514143093251745,-0.4345268057749540,-0.4634929219383900,-0.493268444944505,-0.47852337677776300,-0.36500055216526800,-0.12681675817728200,-0.4034719985410450,-0.2364452022110390,-0.517249699464997,0.3024909311816630
148,괴산군,43760,-0.6649317673800160,-0.8361565288948170,-0.821774046516515,-0.7820494047537370,-0.5566847828394650,-0.8658031800642080,-0.6952848375955760,-0.5123741940656780,-0.35993248269827800,-0.12681675817728200,-0.8207085931485740,-0.23735363970573200,-0.7032382518303430,0.2409536422837860
149,음성군,43770,-0.40486814942439400,-0.5028725157993720,-0.5193350124742950,-0.38322434597800000,-0.3794465646281320,-0.5286681033778880,-0.47471028382442100,-0.4435800076260820,-0.39637862059310500,-0.12666319482351500,-0.5502608782355740,-0.23376833972667900,-0.4938379427722080,0.3107103171550620
150,단양군,43800,-0.694118059432847,-0.8146367451430120,-0.8244085214539240,-0.8233978265403090,-0.11509019730835800,-0.8716576996516140,-0.6824072339093690,-0.5155567391152610,-0.4344520714542480,-0.1264609406502610,-0.8255854957525750,-0.23735363970573200,-0.6862901192084840,0.24626508925155900
151,천안시,44130,-0.8056868285068990,-0.8708626040037930,-0.8489161862205810,-0.954515927745468,-0.6564081440666660,-0.8817226018249090,-0.7095002590709930,-0.5268139252829800,-0.43834618883851200,-0.12681675817728200,-0.8327215124058500,-0.23735363970573200,-0.7410365572950720,0.22933563742638000
152,천안시,44131,0.24858313201893500,0.0905935939998466,0.1827566559316690,0.25387094803514600,0.37526368993768500,0.27939975682099200,-0.01992606649671680,4.468380751120190,-0.08490506902242410,-0.1223409482321260,0.010029741639050300,-0.20911940237069600,1.515905108487390,0.9352283258005510
153,천안시,44133,0.46587262910654700,1.231135829144790,0.9487482733638490,1.0163030792424400,0.17243547877657100,1.0721708049626900,2.582952010899990,0.25282913371405500,0.35475128674299900,-0.10294327483801600,1.0732498272698900,-0.18535467750954600,0.9413349305729290,0.8267333762118680
154,공주시,44150,-0.3156507648759740,-0.7227203832390930,-0.6957393887218130,-0.6678099364083050,-0.35640151538774100,-0.7193084605815230,-0.4974487563807680,-0.40227032900931800,-0.41166215606950200,-0.12648715878383100,-0.7717593376306960,-0.21621732732922500,-0.5853836020569640,0.2791449060977810
155,보령시,44180,-0.593690334345875,-0.5720031007170500,-0.689175055172877,-0.381257387188048,0.33051124863606600,-0.6554729463284450,-0.2646699376782410,-0.3371805762327990,-0.39956810082692200,-0.12650963146974800,-0.7102279232175340,-0.21982685230813500,-0.45553354641859000,0.3243627195692370
156,아산시,44200,0.1406015604855800,0.4117766028843220,0.18674333440912100,0.3191430497970530,0.31592942735561,0.30110659053638300,0.7254636266551060,-0.21677063042583600,-0.1568299090262750,-0.12618003207629700,1.2789666084250600,0.3282274319897430,0.28703664190587300,0.6129578680082990
157,서산시,44210,-0.1573608187422320,-0.11468221853397500,-0.02954940723506980,0.08785745139300680,-0.2275029683650880,-0.15399997626091200,0.4497557707816980,-0.14417811914737000,-0.26854326012537700,-0.1266407221375980,-0.046003781474101900,-0.16369752763608300,-0.034263603764487400,0.4863334739029070
158,논산시,44230,-0.5395986916784240,-0.6558097516030420,-0.5626590675524060,-0.5910200102332430,-0.5093310396833440,-0.6929451027960820,-0.45040880891721400,-0.4060759700437030,-0.3923776997162270,-0.12661450400402800,-0.7099602556761510,-0.22367862728563100,-0.5422098228641490,0.29383698459199700
159,계룡시,44250,-0.707424717951309,-0.8081061111635550,-0.7269034461471020,-0.8735830644139280,-0.5921136857009480,-0.7551165963046180,-0.6379100262173600,-0.5016510901706480,-0.3953992192707860,-0.12674934011953100,-0.6554827732035730,-0.23735363970573200,-0.6602534212730510,0.2545456077583860
160,당진시,44270,-0.2736357413336410,-0.1794390857463000,-0.3271483721212330,-0.04198720106239160,-0.23794552154190500,-0.3684026491153180,1.002397077191920,-0.3032541582578810,-0.29298663538956800,-0.12534854269736500,-0.16317613993972100,-0.22243103979292000,-0.10285654383902200,0.4590384138489480
161,금산군,44710,-0.6824562876056040,-0.8077804199580150,-0.8001087409082710,-0.868002362539978,-0.5779277294638680,-0.8337269743604260,-0.6487321747572310,-0.518677096502955,-0.4206979088119350,-0.12328480104064400,-0.7600533438208720,-0.2322300522356670,-0.6948543923260020,0.24357327849875500
162,연기군,44730,-0.805272780075565,-0.8708626040037930,-0.8448718683599070,-0.954515927745468,-0.6564081440666660,-0.8817226018249090,-0.7095002590709930,-0.5268139252829800,-0.4378431931367770,-0.12681675817728200,-0.8327215124058500,-0.23735363970573200,-0.7402311674129250,0.22957986944791100
163,부여군,44760,-0.7087266450914450,-0.8181416027613310,-0.7992171060891400,-0.9203321654333540,-0.25981112381772500,-0.8127757228800470,-0.6703676121165140,-0.5105268546978170,-0.43036428964561600,-0.11584634200208400,-0.696835623896996,-0.23735363970573200,-0.6753454166280940,0.24972816773699200
164,서천군,44770,-0.7124518621898780,-0.822200135429066,-0.8106239673460230,-0.8202770313594450,-0.547410812406475,-0.8623968463369580,-0.5926087988937570,-0.5225193185149220,-0.4301329559396200,-0.12681675817728200,-0.7948233574465460,-0.23735363970573200,-0.6921170738700860,0.24443190509206300
165,청양군,44790,-0.7755271482997660,-0.8259550398438960,-0.8307037801570130,-0.9366115282931930,-0.6184207172198630,-0.8630219415083570,-0.7001739266685070,-0.5256628438550850,-0.43544122247298900,-0.12657704952749900,-0.8077195795903870,-0.23735363970573200,-0.72551912475657,0.2340668082547580
166,홍성군,44800,-0.6059953166409890,-0.6927063627234670,-0.629553532781844,-0.7298162583119560,-0.5122990089879720,-0.626435225105921,-0.16810932102279600,-0.44565414905494800,-0.3571768639552090,-0.1261088685708930,-0.6161267223688680,-0.2368449147087040,-0.5304898679181390,0.2978861660501870
167,예산군,44810,-0.6389382171505550,-0.7697649019540450,-0.7297105660617440,-0.7637426728216990,-0.2689173778429720,-0.7526994787929420,-0.5252690169300150,-0.5097159763614290,-0.3502718630488460,-0.12498148882738500,-0.6318281003464040,-0.19465707745519500,-0.6156798969607970,0.26905290390079400
168,태안군,44825,-0.6550516830181610,-0.7551718347123040,-0.7668835974810380,-0.5640081566294560,-0.05463080886543470,-0.7271637818109840,-0.30003720343792300,-0.5152982335403520,-0.4190856635582700,-0.12631486819180000,-0.7909635914998000,-0.23735363970573200,-0.5925703290927740,0.2767343704439880
169,전주시,45111,0.20006661506951200,0.0756107479282507,0.4868421002235540,0.44398935549936000,-0.04847554879990130,0.48756514803472900,0.8388488524609520,0.6127432753079330,0.07081043469799740,-0.11980153472349400,-0.31574128517729800,-0.11619230291364200,0.3943829124234350,0.6533508212274430
170,전주시,45113,0.02196536251156960,-0.18597812466009300,0.16817935542514200,0.41095580496122300,-0.23611625837405600,-0.06687687072182520,0.3780156609903110,0.05189470132305810,0.07748676090647950,-0.12560323313775800,-0.04069325745305990,0.1058903832887940,0.09297216610924250,0.5370371631740960
171,군산시,45130,-0.044555260876754200,-0.07223519890108720,0.12699096242300100,0.4015390501646090,-0.04602634603582190,-0.02870505504643940,0.4328189385054920,-0.16041275699799900,-0.2992765190853520,-0.11797375626890300,-0.24811061972115200,0.19514739526729100,-0.003017926923904810,0.49879602317850600
172,익산시,45140,-0.29511317610554200,-0.2325362078003200,-0.19490723666395000,-0.26616734206858200,-0.33745024032662300,-0.23701460339712000,0.03742585727031480,-0.20647186587075000,-0.28875748298282700,-0.12346458252798100,-0.0860218633611612,-0.14778170272907400,-0.18794363387604000,0.42546041864067900
173,정읍시,45180,-0.661319835702192,-0.7098272139669090,-0.6934319011859050,-0.6975777070881860,-0.528503673242131,-0.7561642210153340,-0.5211699195979540,-0.4962029632428570,-0.40878289344909000,0.17772933592360300,-0.6655131682043380,-0.2282571522588800,-0.5968325569370760,0.2753095895174680
174,남원시,45190,-0.6757310603577030,-0.7764562803026870,-0.7508557513588280,-0.8428354389560050,-0.37322272416914900,-0.7984196604148150,-0.5087426850350460,-0.48835390481980600,-0.4249545376358620,-0.06737650392655270,-0.7446410467880300,-0.23735363970573200,-0.6373775983790240,0.2619394582672150
175,김제시,45210,-0.7090690823067130,-0.7836120312734220,-0.7598769977641570,-0.8257115403503580,-0.5764943313393960,-0.802990435843063,0.13063823790254300,-0.4994537927839250,-0.4241643690577190,-0.12677181280544800,-0.8061439099967780,-0.23678435220905800,-0.5799710347629030,0.28096707547761800
176,완주군,45710,-0.5664979517275530,-0.7408067513144400,-0.6947037920308430,-0.810392700978241,-0.42311937399327000,-0.7614147719083050,-0.6487919778703250,-0.510362240298701,-0.3683119036043510,-0.12659203131811100,-0.6660681322401390,-0.23735363970573200,-0.6395452361286940,0.26123414777586200
177,진안군,45720,-0.768638266071672,-0.8583665678790080,-0.8375024956528890,-0.9080954586614640,-0.6242507296768590,-0.8807010745269160,-0.6962571919158790,-0.5257750255196680,-0.4331686568707920,-0.12681675817728200,-0.8193434886875200,-0.23735363970573200,-0.7286689138828450,0.23310210629752300
178,무주군,45730,-0.763335861100411,-0.8473981285698810,-0.8328719497524310,-0.904360895012973,0.1850624193368200,-0.8808502025996150,-0.6333487468013880,-0.5229436578548670,-0.4358188016253040,-0.12664821303290400,-0.7905299700827600,-0.23735363970573200,-0.6729726146465900,0.2504823567041010
179,장수군,45740,-0.7887188519713860,-0.8560226418159170,-0.8399370083698310,-0.9295459416816200,-0.6400568128324560,-0.881638095917046,-0.7074189630733200,-0.5256908892712300,-0.4361684611924130,-0.12681675817728200,-0.8160850824837490,-0.23735363970573200,-0.7324791553076870,0.23193808048128000
180,임실군,45750,-0.7212383801924390,-0.8609836543080340,-0.8365436604154040,-0.9515485746815100,-0.6437004008646290,-0.8756580602017850,-0.7006996034157020,-0.5253982414505790,-0.436707353503698,-0.1267530855671830,-0.8225697747863250,-0.23735363970573200,-0.7339424555294820,0.23149190515964300
181,순창군,45770,-0.757773568456429,-0.8531334456377470,-0.834172250530331,-0.9508453989961590,-0.6270550566565230,-0.8752964246254880,-0.6979530900736150,-0.5234143330997470,-0.43414672868905400,-0.1264010134878160,-0.832107661510945,-0.23735363970573200,-0.7320385696936020,0.23207251331883500
182,고창군,45790,-0.7379865967360870,-0.8094309389383450,-0.8103980537444850,-0.9171340450912140,-0.555084347321047,-0.8484508860716500,-0.6615544051905730,-0.5202817820528600,-0.4323093540816620,-0.12678304914840600,-0.8278892210587460,-0.23735363970573200,-0.711280894763224,0.23845509414185400
183,부안군,45800,-0.7245633037026710,-0.7740356592137770,-0.7959756420070900,-0.8807199351585520,0.018712187352825700,-0.8486236260891940,-0.5836154443184960,-0.5095172197165710,-0.42875115805591300,-0.12681675817728200,-0.8137528059731630,-0.23735363970573200,-0.6582075777731770,0.2552023780960710
184,목포시,46110,-0.15707656564001700,0.2725604223849810,-0.007934092181942880,-0.08514913952200930,0.018072556356495600,-0.08066873197867600,0.5746667545938150,-0.15032372338104700,-0.1800762874707450,-0.10226534881285000,-0.3825314745535020,-0.21220808985265000,-0.02213838606287320,0.49116878316076800
185,여수시,46130,0.05825135562423030,0.4013040547010480,0.09940409799909870,0.1841659397619760,1.824517465572700,-0.15483260800015200,1.1495644171054400,0.0004862341619858620,-0.18484610486084700,-0.045548035005743000,0.16893682315713300,0.07886739594668110,0.3195478488417620,0.6253444432388740
186,순천시,46150,0.0028361140012555500,-0.08720858942155450,0.3121447785056780,0.022236178199713400,-0.1644219076537670,0.14256356551349600,0.6167629780416110,-0.011487939166328400,-0.08144614263296490,-0.08295756616240860,0.11121699453326700,-0.19328836496319200,0.12927105147613100,0.5514284116080450
187,나주시,46170,-0.5314849012382280,-0.7660835407146600,-0.5765269392521680,-0.5867055078751840,-0.5123852437401310,-0.6598225151155220,-0.4023573767013320,-0.4588720756210300,-0.24392439032560200,-0.11450547174236400,-0.5591438717089430,1.682138449079240,-0.5371906997186420,0.2955679473878540
188,광양시,46230,-0.43867186959916200,-0.41726720896537000,-0.3886239158105030,-0.25055007590216700,-0.3379948093914390,-0.5600670190848250,-0.36847263749834700,-0.41514927184981200,-0.23714170379252500,-0.1265208678127070,-0.37889654934151900,-0.22361806478598500,-0.3963653124068320,0.34591777586081400
189,담양군,46710,-0.639791908468163,-0.8565889242668390,-0.818111623716241,-0.8740518482041620,-0.5935063429976280,-0.8380566594044760,-0.678633731304151,-0.44303860915787700,-0.426290689213597,-0.12643472251669100,-0.7875767048761650,-0.23735363970573200,-0.6870906504014610,0.24601280281148900
190,곡성군,46720,-0.7373886758559510,-0.8616308342519440,-0.8343525443356700,-0.8975284920908720,-0.6172568875726120,-0.8799852597779570,-0.6952767161851560,-0.5199562113523850,-0.4332466544421620,-0.12129596833698100,-0.8140311802162020,-0.23735363970573200,-0.7241787820068770,0.23447799154315200
191,구례군,46730,-0.7583545287853910,-0.8428279455244110,-0.8266337840877000,-0.9321665397254810,-0.5164953142505190,-0.8665401212901330,-0.6889346329570560,-0.5236752774064950,-0.4334828629963690,-0.12681675817728200,-0.8172324840111450,-0.23735363970573200,-0.71971915849639,0.23584896393068100
192,고흥군,46770,-0.7482343030930020,-0.8046779485710560,-0.8095673363777640,-0.9063737656174330,-0.5332377574315300,-0.8481240470456500,-0.505205441642051,-0.5196403955792650,-0.4269598729225120,-0.1265283587080120,-0.7731993890033380,-0.23735363970573200,-0.6807274772858080,0.24802197328170400
193,보성군,46780,-0.7408890837163070,-0.8354358057754630,-0.8249168953504940,-0.9279136558553140,-0.5659933829760780,-0.8736609867615470,-0.6935224915344030,-0.5243569029554280,-0.42796586432598100,-0.12681675817728200,-0.8156550299672600,-0.23676012720919900,-0.721302353229929,0.2353617547257590
194,화순군,46790,-0.6933966214952520,-0.792822788689429,-0.7651339280519520,-0.802427001161192,-0.3876103475037970,-0.820019619011438,-0.6023537530879000,-0.507143114271537,-0.393668204987989,-0.1267006493000440,-0.7101012272479460,-0.23248441473418100,-0.654965131879413,0.25624510191639500
195,장흥군,46800,-0.7644612797025500,-0.8368562396783310,-0.8209651829443800,-0.9242153383761710,-0.5860820061463830,-0.86129205586504,-0.6631351269823500,-0.5221364376162370,-0.43371685571047900,-0.1260789049896700,-0.78384720379956,-0.23735363970573200,-0.7127770914086480,0.23799185178100700
196,강진군,46810,-0.7674220532146100,-0.8364443978958420,-0.8208253186590260,-0.8880416613668510,-0.5965259173507920,-0.8641292174481530,-0.6153797570917840,-0.5219718232171210,-0.4341985793472950,-0.12650588602209500,-0.8141775051388250,-0.23735363970573200,-0.7082722790989840,0.2393880941575820
197,해남군,46820,-0.7380603280210490,-0.7884973993565100,-0.793770320960874,-0.8747139448975860,-0.5493840264991880,-0.8339407245979620,-0.545408638151914,-0.5116986653463420,-0.4286851260210600,0.18548615801265500,-0.7957994517474560,-0.22836616475824300,-0.6626532323673290,0.25377633439717100
198,영암군,46830,-0.7299972963318280,-0.7956657577287490,-0.7868396631801810,-0.8053532752332220,-0.5253455800744760,-0.86347926759797,-0.6009982158577730,-0.5252884985178350,-0.42552134953235400,-0.12681675817728200,-0.7627639237899460,-0.23735363970573200,-0.6806787810850810,0.24803738278020300
199,무안군,46840,-0.5727547461680750,-0.7036464353792080,-0.6006335868881620,-0.5045813537777380,-0.5205877304021980,-0.6300242407222290,-0.5990092086148740,-0.45635408499751,-0.33327592634645600,-0.1266781766141260,-0.2739173396110410,-0.23735363970573200,-0.5236488653123050,0.3002613937360220
200,함평군,46860,-0.7488889332556550,-0.8533152023427740,-0.837609306073931,-0.9258415831742520,-0.6259088813679820,-0.8676958638535560,-0.6970383239362900,-0.5231326595723710,-0.4363133771346740,-0.1265208678127070,-0.8219184504356260,-0.23735363970573200,-0.7293804897863960,0.23288447441094400
201,영광군,46870,-0.7455454412192890,-0.8123779190400790,-0.7824937629542130,-0.8821830721945670,-0.5598129994000740,-0.8507375165197130,-0.6177231531530170,-0.519558698062667,-0.4295532921705730,-0.12638977714485700,-0.7476746122570390,-0.23671167720948200,-0.6871820346792970,0.24598401198710100
202,장성군,46880,-0.7075456540553280,-0.8370758185878720,-0.8097774059782270,-0.900195001949241,-0.6132690395455990,-0.8647518271516750,-0.6854955847991410,-0.5176260030804490,-0.42755327490015300,-0.11563659693352500,-0.7807244158167560,-0.23735363970573200,-0.7103936581001220,0.23873002740630100
203,완도군,46890,-0.7637701065165960,-0.8081954135908800,-0.8088297708104680,-0.9209459339009800,-0.5178920456299790,-0.8680699267692450,-0.6273558842213550,-0.5220742499543490,-0.43466257626334400,-0.1218989854090900,-0.8115240275785790,-0.23735363970573200,-0.7030789601937350,0.2410032716226550
204,진도군,46900,-0.7715994492588820,-0.8373773456071930,-0.8274188816582220,-0.9479336233918680,0.49537783547464500,-0.8814417439546580,-0.6556693358761160,-0.52185476408886,-0.43400048324273500,-0.12653210415566500,-0.8293667458871810,-0.23735363970573200,-0.6662069492734560,0.2526394158524690
205,신안군,46910,-0.7823335629203440,-0.8563325737695760,-0.8478412526993550,-0.9495248302262460,-0.3946598687393590,-0.8817101744855180,-0.6955860680911590,-0.5224973699283740,-0.4379415764370280,-0.12681675817728200,-0.8326554877456430,-0.17140107759107300,-0.7228007813202300,0.23490114362537500
206,포항시,47111,-0.22539157642335100,-0.09480980191212290,-0.19532245876109500,-0.01861687927243570,-0.20664162749433400,-0.1069127873059580,0.011246859935976400,-0.29567945716669100,-0.12903352452920200,-0.11568528775301200,-0.05110552481286500,-0.2175497023214400,-0.17127587630619100,0.4320034240421910
207,포항시,47113,-0.13792114912955300,0.12214991996622000,0.0009573973180284170,0.009264882395703300,-0.21235349155073500,0.09670544042437550,0.2373351130723750,0.11588824413805400,-0.1074366174520060,-0.11426201764492900,0.08018540423557830,-0.1171007404083340,0.06773792074971900,0.5270028688857220
208,경주시,47130,0.10903440033614200,-0.30300527851108500,-0.2050056019699640,-0.23317366231672800,2.4297883267570700,-0.16673427093553400,0.8391035694241290,0.6271793484274760,-0.295768401045767,-0.1218240764560330,0.016080812524585700,-0.2242115772825170,0.33438096457062700,0.6309539491800870
209,김천시,47150,-0.5111967534242140,-0.5724580177880130,-0.5540410236571990,-0.6617326620142870,-0.4949957004110280,-0.5536830948393360,0.4576483050900080,-0.4080915819084390,-0.3604563072969130,-0.12681675817728200,-0.5695240189637830,-0.23623928971224200,-0.39996438176303900,0.34459137561623800
210,안동시,47170,-0.4297866506113000,-0.528114634845453,-0.43366786452257600,-0.5728340988656980,-0.3773402638312990,-0.4904279373358480,-0.058944275395276000,-0.24098357948697000,-0.1752262566691760,-0.12509385225697100,-0.4493644907363270,-0.19751562743849300,-0.349300539694227,0.36343184666065300
211,구미시,47190,0.36282575861436300,0.3266493266907080,0.818599365565796,0.6831246659785420,0.10832571216350900,0.9079373012323680,0.8812064376622700,0.080885126056324,0.24209664677122500,-0.12651712236505400,1.260354792047550,-0.06129845323437070,0.5520036858107660,0.7095270859975320
212,영주시,47210,-0.6187802333732940,-0.6395955826511500,-0.6210185333060660,-0.7698586097963550,-0.4925186580812910,-0.6820488116174850,-0.2874962691291340,-0.3986317411058870,-0.4072366802302790,-0.12646468609791400,-0.48421302017414000,-0.21048811486269900,-0.5119659920326030,0.3043374054331200
213,영천시,47230,-0.680137556987239,-0.767668921453881,-0.7354990899028580,-0.8035856703746840,-0.5435580881249710,-0.7129854302990530,-0.5598071605168040,-0.505315284758386,-0.40703681145364300,-0.1267755582531010,-0.6997175110925550,-0.23735363970573200,-0.6482192580443940,0.2584215739131020
214,상주시,47250,-0.6639091669984270,-0.7475117876813800,-0.7635350498055140,-0.804493032814029,-0.5675782011771770,-0.7994436731806870,-0.5637401380902720,-0.48320696127410200,-0.4173723759962390,-0.1264010134878160,-0.7621161683397990,-0.2325449772338270,-0.6552122041374900,0.25616556894099800
215,문경시,47280,-0.6388116582551140,-0.7558746973461930,-0.7627535034766120,-0.8736748880429430,-0.4253397491079190,-0.7536601121279170,-0.5661470288147890,-0.5080881228590570,-0.38214893866624500,-0.12674184922422500,-0.7935296309965270,-0.2215589397980150,-0.6645051986244800,0.25318351138388800
216,경산시,47290,-0.19348585048880500,-0.3089748831235810,-0.21742538660593400,-0.2916713550274910,-0.33052090453304600,0.05012528691660080,-0.04306839464395680,-0.20974098590060800,-0.2235001058270750,-0.1267006493000440,0.204361730034057,-0.11085069044485100,-0.17090804429262500,0.4321480356498770
217,군위군,47720,-0.7144537193222800,-0.8626268189708190,-0.8418505812583160,-0.9373630322043420,-0.6442551551363930,-0.8799392786222080,-0.6972627701879020,-0.5259615885053330,-0.4375591224365030,-0.1267530855671830,-0.8166418309698260,-0.23735363970573200,-0.7330829809281460,0.23175390981510700
218,의성군,47730,-0.728327665261603,-0.8301133811068770,-0.8325151865558060,-0.9071035218269730,-0.6159667613592080,-0.8587407230879350,-0.6230389854280250,-0.5246215053599340,-0.4357735984873510,-0.12681675817728200,-0.7644734271542460,-0.23735363970573200,-0.7078521244934200,0.23951854652693600
219,청송군,47750,-0.7665068286896050,-0.8273765243635550,-0.8379480398900230,-0.9514760823428140,-0.2773072723128820,-0.8747036405365060,-0.7077977161229140,-0.5254275062326440,-0.4377669682374840,-0.12681675817728200,-0.8138009861306120,-0.23735363970573200,-0.7127777263041970,0.23799165531367900
220,영양군,47760,-0.7962159276839810,-0.8501580988826270,-0.8444836903335640,-0.9518385440362950,-0.6361389032264850,-0.8811571578825890,-0.7068334832130310,-0.5261481514909980,-0.4379539851415650,-0.12681675817728200,-0.8141007737769610,-0.23735363970573200,-0.7342164877337110,0.23140840314465300
221,영덕군,47770,-0.7340707065813750,-0.7921808618294790,-0.8077865252913920,-0.9310139115402140,-0.48318832950318900,-0.8459045242303020,-0.5399215179480450,-0.5231253433768540,-0.43417907995445200,-0.12681675817728200,-0.8223859764079080,-0.23735363970573200,-0.6911044572585280,0.24474994971074000
222,청도군,47820,-0.6501122092615020,-0.8491873289667620,-0.8320079053489650,-0.8855769218511860,-0.4802441256814410,-0.8630443107192620,-0.7019658051312070,-0.5117242720306490,-0.43620036928979100,-0.1267755582531010,-0.7869182427243630,0.49697878100377800,-0.710018078269009,0.2388464627727230
223,고령군,47830,-0.7695751214445510,-0.85379743545033,-0.8317350060890660,-0.9431032172234230,-0.629207530391519,-0.8755946807708880,-0.7014430816241650,-0.5247861197590500,-0.43407848081410500,-0.12681675817728200,-0.7396445860155440,-0.23735363970573200,-0.7200003496743350,0.2357623901315800
224,성주군,47840,-0.734298977574463,-0.8459062527251530,-0.8269356396254260,-0.9305753328911030,-0.552716626212551,-0.8540270332566830,-0.7036713013194390,-0.5227497786736850,-0.4342934173033930,-0.1265583222892350,-0.7164485168792790,-0.23735363970573200,-0.7102288563081070,0.23878111460322900
225,칠곡군,47850,-0.5084531794343360,-0.6750097734779750,-0.5691217809565150,-0.3798933230149180,-0.5311124442483950,-0.5207431890478340,-0.4282011812783300,-0.48775519615339100,-0.3426834970569550,-0.12483916181657700,-0.6244137094500910,-0.23735363970573200,-0.5404375136303950,0.2944476714646690
226,예천군,47900,-0.7359666831714880,-0.804383775869279,-0.7780801159650260,-0.9242660830132590,-0.6002014190314020,-0.840117112275611,-0.677519621456514,-0.48586395961243200,-0.4159985551368770,-0.1265208678127070,-0.7863704164896650,-0.23735363970573200,-0.6921339168122510,0.24442661691110500
227,봉화군,47920,-0.7784329843743300,-0.8360514672156110,-0.839987818442245,-0.9515401172419960,-0.5908826336878410,-0.8777806497698790,-0.705796157609366,-0.5265566390739900,-0.42843517925826000,-0.1266931584047380,-0.8154444648347050,-0.23735363970573200,-0.7295740136596490,0.23282530564404400
228,울진군,47930,-0.7200384007131610,-0.7776088069235790,-0.7937965455143780,-0.9176753212201440,-0.04081491514746350,-0.834219097000335,-0.5518814022567750,-0.5111036147776840,-0.4280039767756280,-0.12681675817728200,-0.7719270759566300,-0.23574267721514400,-0.6546754097200910,0.2563383803624670
229,울릉군,47940,-0.7852257465705630,-0.8503461592884060,-0.8352471840515570,-0.9456199095818200,-0.540108019024808,-0.8813249269643770,-0.7062878720948040,-0.5268139252829800,-0.4383373254781290,-0.11178253129874200,-0.8284763051995130,-0.23735363970573200,-0.7283259306582270,0.23320704629723500
230,창원시,48121,-0.2752423029146600,-0.11629386469299800,-0.2227014389639930,-0.6455765361302320,-0.15732417643865200,-0.23172304228415600,-0.44940470726526800,-0.41596258891803900,-0.1547053615424740,-0.12653210415566500,-0.4782297583990880,-0.2362998522118890,-0.3791696624031390,0.35228093918601300
231,창원시,48123,0.07328503045943030,0.3348346821176630,0.23941944770811500,0.07336623288767000,-0.22755796848260700,-0.07265061260318480,-0.37841250554257400,0.2916427702938490,0.09885233427767960,-0.12001877068735900,-0.037891670519916000,-0.23161231473927600,0.10599674613504400,0.5422075330741760
232,창원시,48125,-0.396998750694403,-0.01435671982639280,-0.37941472677173000,-0.613887718474906,-0.39377443474868600,-0.5362810914892110,-0.05577692533141700,-0.2945100852500060,-0.20545829259949400,-0.12649464967913700,-0.1871769961504120,-0.20199725241230900,-0.28403250035205900,0.3881927370944890
233,창원시,48127,-0.4614420957553730,-0.28866015683227100,-0.30241042299412000,-0.5716186439868940,-0.5037468302206910,-0.34484538456451000,-0.22993318869117800,-0.29865836810773700,-0.21428930171707900,-0.11679768570590800,-0.0862556263473025,-0.23674801470927000,-0.3052955671278140,0.3800705259021890
234,창원시,48129,-0.2321172133464010,-0.17994968550724200,-0.15379942952934800,-0.3824124317846050,-0.3250466953054310,-0.4170171580815050,-0.09660916199382280,-0.38408348632176100,-0.2060069346072000,-0.12681675817728200,-0.11744067936871700,-0.23197568973715300,-0.2589950920975150,0.3978195136351620
235,진주시,48170,0.011237988006310600,-0.036575163744919500,0.17722655321154200,0.20388989691552100,-0.22858667438434800,0.07727280981765570,0.7153199850403370,-0.04116730564404420,-0.022698460510494700,-0.11997007986787200,0.3541698995953880,-0.1741142775752210,0.153367847093325,0.5609459004086910
236,통영시,48220,-0.5274692756684640,-0.3393702775347260,-0.5871732884574390,-0.6630870605422580,0.3226299354997560,-0.4390607726944100,0.17486965398080100,-0.4193768134923030,-0.3563445944152470,-0.1261013776755880,-0.5970455955688000,-0.2144246773396990,-0.3898350574151920,0.3483292592651480
237,사천시,48240,-0.5935407517070540,-0.6097212941688670,-0.6358384109325040,-0.7460883719379250,-0.3924401726385070,-0.5348221218446320,0.19503363943396000,-0.48487383448589500,-0.3738368792990830,-0.12641224983077400,-0.5943136021964160,-0.12196996537988500,-0.4830629984344800,0.3145255027887770
238,김해시,48250,0.5910753871432050,0.6915926261981490,0.8397879852796210,1.3551516015980200,0.059571842558945500,1.0928660532516000,0.8464482776840990,0.0861942452693057,0.20683509699158300,-0.11656921339908400,1.8413236217191600,-0.22720336476503700,0.7057039412055460,0.7598138652451130
239,밀양시,48270,-0.6569511008795260,-0.7384176487292910,-0.7319901900095540,-0.8420658119601830,-0.5257434821592420,-0.6976886182418730,-0.6136875504842400,-0.4962980737845690,-0.42021219666294700,-0.12636355901128700,-0.6314622880398470,-0.1685788651075630,-0.6428738158442800,0.2601529904471700
240,거제시,48310,-0.3114682171667030,0.08004224955716810,-0.2847544691752120,-0.3246287886099970,1.621019067794410,-0.41576448227082700,0.26611812991142900,-0.11869581016416100,-0.2511413815174470,-0.0865569413567974,-0.5083548479566250,-0.22343637728704600,-0.07765938552738220,0.4690495010727850
241,양산시,48330,0.10724362832432200,-0.007443661334624940,0.18399959049877900,0.12298482231381400,-0.18880053999054000,0.5127914042658350,1.3529119827553800,-0.29926439296966900,-0.07721477438612870,-0.12461443495740600,0.45643496045624100,-0.22616168977112300,0.16347306350290800,0.5649270099718810
242,의령군,48720,-0.7780410174335340,-0.813707999898829,-0.8345877457999080,-0.9289430470647980,-0.6360037794809760,-0.8761129008235190,-0.6976112525259300,-0.5258006322039750,-0.43598321696040800,-0.12681675817728200,-0.8223038916952170,-0.23735363970573200,-0.7272219245301730,0.2335450087408220
243,함안군,48730,-0.6140484546753590,-0.8009797774629980,-0.7706025669748050,-0.8420513134924430,-0.6088296473438940,-0.8514334475256460,-0.6503416906404970,-0.5220718112225100,-0.41301293219186900,-0.12670439474769600,-0.6891999611664720,-0.23735363970573200,-0.6801068690209480,0.2482183977088920
244,창녕군,48740,-0.7046171629450180,-0.7982156046830830,-0.8018827226838350,-0.8731094478011140,-0.3020953499689620,-0.8539673820276030,-0.6310636772331730,-0.5219242679462650,-0.43091293165332300,-0.12681675817728200,-0.7194660222958050,-0.23735363970573200,-0.674997425441888,0.24983870032511500
245,고성군,48820,-0.7263375965316170,-0.7877693219196110,-0.7956016689472270,-0.9101639067255900,-0.5330822632721250,-0.8327042043284930,-0.4772581917662340,-0.5166102712696060,-0.42301346171198900,-0.12678679459605900,-0.7837508434846620,-0.2116630273558340,-0.6734537408968130,0.2503293344778740
246,남해군,48840,-0.7196666819666100,-0.8270214158878380,-0.8095850925858650,-0.9106121510198610,-0.47162404553450800,-0.8634158881670730,-0.5807670441911380,-0.5143324957322030,-0.4325229610668920,-0.11678270391529700,-0.8137510215228870,-0.23735363970573200,-0.6929842480505440,0.24415971842734300
247,하동군,48850,-0.7428567841831510,-0.8352466947528920,-0.8155358808517840,-0.901968647836004,-0.5054049819118150,-0.8565224430065260,-0.6377343084282700,-0.5246373571168860,-0.43349039685269400,-0.12647217699322000,-0.7672428939824240,-0.20279667740763800,-0.70120791646618,0.24158663506132600
248,산청군,48860,-0.7607057261593240,-0.8466626968154370,-0.8286724699501930,-0.8459369028465510,-0.6069677915138120,-0.8753709886618380,-0.7075031304176740,-0.5249641471832800,-0.4330069005438030,-0.12678304914840600,-0.8201500602122210,-0.23735363970573200,-0.7218267470858300,0.2352005013651150
249,함양군,48870,-0.7442454497942330,-0.8246459713209860,-0.816783186177811,-0.9220756061789930,-0.599560430007479,-0.846940964335565,-0.6653411973764780,-0.5206549080241900,-0.4315386848963610,-0.12681675817728200,-0.8179819531270170,-0.23451931472229200,-0.7156785057989650,0.2370949429325340
250,거창군,48880,-0.6889771279216100,-0.7841226310343640,-0.7403724860956590,-0.8963480751757720,-0.5530065651036690,-0.7484791543355390,-0.49770347334394600,-0.4945555998857750,-0.4175044400659460,-0.12674184922422500,-0.5920812549012800,-0.22413890228294100,-0.6326857380303870,0.26346944257082100
251,합천군,48890,-0.7627706937484470,-0.837201892602919,-0.8255214259432440,-0.8791045642112750,-0.5975288207282650,-0.8701515061173460,-0.6853390630710430,-0.5227827015535080,-0.4354500858333720,-0.12658454042280500,-0.7985011094651500,-0.23735363970573200,-0.7160729215127550,0.23697316149905900
252,제주시,50110,1.642535815980150,1.727535453525400,0.9586428520353430,1.6803075293795600,3.9717240905492800,1.3785792850031600,2.389060720219260,0.5818860013520960,0.43647279897816100,3.6766516242630000,0.5627043277361850,0.01421087132445040,1.4602872356082600,0.9278944256816240
253,서귀포시,50130,0.19147480542344800,-0.15987660107810500,-0.3991888596309390,0.6419139796354930,7.071456701406820,-0.28944430555654400,0.062439063054342300,-0.247147474209437,-0.2858201653519070,-0.08141818717708720,-0.46754625459734800,-0.23735363970573200,0.1621636772076210,0.5644115187288750